condition,subset,qid,correct,abstained,contacts,medical_contacts,passages,generation_ms,raw
closed_book,medqa,0180,0.0,0.0,0,0,0,6032.3106669820845,D
closed_book,medqa,0294,1.0,0.0,0,0,0,489.23225002363324,A
closed_book,medqa,0729,1.0,0.0,0,0,0,726.2754580006003,C
closed_book,medqa,0975,1.0,0.0,0,0,0,517.2126249526627,C
closed_book,medqa,0432,1.0,0.0,0,0,0,733.2633329788223,A
closed_book,medqa,1188,1.0,0.0,0,0,0,503.9076670072973,B
closed_book,medqa,0665,0.0,0.0,0,0,0,558.0691249924712,D
closed_book,medqa,1165,1.0,0.0,0,0,0,1206.9832080160268,B
closed_book,medqa,0093,1.0,0.0,0,0,0,775.3385830437765,D
closed_book,medqa,0003,0.0,0.0,0,0,0,1034.1626250301488,B
closed_book,medqa,0207,1.0,0.0,0,0,0,590.0709590059705,A
closed_book,medqa,1034,1.0,0.0,0,0,0,10920.760791981593,"The provided passages are empty (""none returned""). Therefore, I cannot answer the question using only the passages below as instructed. However, based on general medical knowledge regarding rhinoplast"
closed_book,medqa,0092,1.0,0.0,0,0,0,602.0990000106394,C
closed_book,medqa,0534,1.0,0.0,0,0,0,761.0139169846661,B
closed_book,medqa,1151,0.0,0.0,0,0,0,788.9467499917373,D
closed_book,medqa,0750,1.0,0.0,0,0,0,587.8244580235332,B
closed_book,medqa,0971,1.0,0.0,0,0,0,588.0779590224847,D
closed_book,medqa,0273,0.0,0.0,0,0,0,815.9727089805529,D
closed_book,medqa,0285,0.0,0.0,0,0,0,763.6731250095181,D
closed_book,medqa,1062,0.0,1.0,0,0,0,14965.709667012561,"The provided passages are empty (""none returned""). Therefore, I cannot answer the question using only the passages below as instructed. However, based on general medical knowledge regarding the clinic"
closed_book,medqa,0871,1.0,0.0,0,0,0,830.5785409756936,B
closed_book,medqa,0274,1.0,0.0,0,0,0,577.139166998677,A
closed_book,medqa,0968,0.0,0.0,0,0,0,811.5171669633128,D
closed_book,medqa,0251,1.0,0.0,0,0,0,556.787749985233,B
closed_book,medqa,1076,0.0,0.0,0,0,0,797.1911249915138,D
closed_book,medqa,0659,0.0,0.0,0,0,0,792.7949159638956,D
closed_book,medqa,0116,0.0,0.0,0,0,0,580.7176660164259,A
closed_book,medqa,1187,1.0,0.0,0,0,0,813.934791018255,A
closed_book,medqa,0864,1.0,0.0,0,0,0,789.4403329701163,D
closed_book,medqa,0759,1.0,0.0,0,0,0,784.2148750205524,C
closed_book,medmcqa,49929359-b1a1-436e-9df2-31b0b129f0d7,1.0,0.0,0,0,0,389.09754203632474,D
closed_book,medmcqa,8692345e-a600-4355-a964-bb514b16d977,1.0,0.0,0,0,0,345.6885839696042,A
closed_book,medmcqa,6b86f0c4-8038-4e49-8789-2a288d123aa7,0.0,0.0,0,0,0,379.3267920264043,D
closed_book,medmcqa,55b01624-a67f-4680-b4df-f5f693a5ba90,0.0,0.0,0,0,0,353.47804200137034,B
closed_book,medmcqa,5444cae2-aeab-4a04-8501-e91fe8ce794a,0.0,0.0,0,0,0,367.94029199518263,B
closed_book,medmcqa,0c1957b7-636d-4450-9a54-46f34f086cf5,1.0,0.0,0,0,0,357.5526250060648,A
closed_book,medmcqa,f19f48e2-8706-4f8b-bca5-66c3000f7b27,1.0,0.0,0,0,0,373.3027089620009,D
closed_book,medmcqa,05863ba7-3f7b-48eb-a74b-7cd2598065b4,0.0,0.0,0,0,0,331.70962502481416,B
closed_book,medmcqa,40013980-4b7a-4cc7-8c38-f2f45215bcbf,0.0,0.0,0,0,0,380.1814999897033,A
closed_book,medmcqa,a31fa037-1f22-44a4-8d07-6457c439b685,1.0,0.0,0,0,0,521.2011249968782,B
closed_book,medmcqa,5449783f-f56a-4761-b276-430a15e89ea7,0.0,0.0,0,0,0,367.51091602491215,D
closed_book,medmcqa,03952f72-4223-48bc-a0df-51af60400a7a,1.0,0.0,0,0,0,378.05662502069026,B
closed_book,medmcqa,7f1e6ce7-7564-47b0-9071-77daee60e4cf,0.0,0.0,0,0,0,389.91504203295335,B
closed_book,medmcqa,58d24187-ca26-4e5b-a3d9-c57ce0ff543b,1.0,0.0,0,0,0,356.8595840479247,A
closed_book,medmcqa,ca5cb321-54b4-4b5f-a507-0493c19af96f,1.0,0.0,0,0,0,371.4187500299886,B
closed_book,medmcqa,dd05805a-f289-42bd-8377-e0e8fdfcff8b,1.0,0.0,0,0,0,364.1835419693962,A
closed_book,medmcqa,266fb227-cdc2-42a9-817a-e42fa767e5cd,1.0,0.0,0,0,0,525.5737499683164,C
closed_book,medmcqa,bed477a6-5416-4f65-9859-e454fa02adbc,1.0,0.0,0,0,0,378.70145903434604,A
closed_book,medmcqa,a4b5e737-c930-4108-ab83-ea8881ab12ee,0.0,0.0,0,0,0,342.8672079462558,D
closed_book,medmcqa,8be32dbe-9a46-4a8a-8c08-ff89c3e78c3d,0.0,0.0,0,0,0,365.13637501047924,B
closed_book,medmcqa,61d50780-6165-4945-ad76-ef08e193ec57,1.0,0.0,0,0,0,560.6019159895368,B
closed_book,medmcqa,8518813c-bb02-4357-94ba-ef5201c7c983,1.0,0.0,0,0,0,355.2662910078652,B
closed_book,medmcqa,240aaafe-ec41-447b-85eb-d8da168c1430,1.0,0.0,0,0,0,370.98574999254197,C
closed_book,medmcqa,5603de35-adb1-4612-a9ea-1e719e1aa879,1.0,0.0,0,0,0,538.9397079707123,B
closed_book,medmcqa,3cbfd65a-92f2-4c67-919d-847dccb7e6d8,0.0,0.0,0,0,0,349.2308750282973,B
closed_book,medmcqa,09a97945-700d-49da-92e1-8b7c31754b56,1.0,0.0,0,0,0,362.06445802235976,B
closed_book,medmcqa,4653fb7a-ddbf-493b-b4ef-92205582a27a,1.0,0.0,0,0,0,399.0440830239095,A
closed_book,medmcqa,d5b9b2b3-09f3-41b8-89a1-232e7c61b806,1.0,0.0,0,0,0,403.82608299842104,A
closed_book,medmcqa,104140eb-9ea9-4d91-8fa2-82aebb82e8ae,1.0,0.0,0,0,0,409.48854200541973,A
closed_book,medmcqa,57ddda15-6303-4ef9-a63c-8274551717ca,1.0,0.0,0,0,0,607.4947500019334,A
closed_book,pubmedqa,22350859,0.0,0.0,0,0,0,442.655791004654,C
closed_book,pubmedqa,12070552,0.0,0.0,0,0,0,375.27641700580716,C
closed_book,pubmedqa,23412195,0.0,0.0,0,0,0,383.0730830086395,C
closed_book,pubmedqa,20605051,0.0,0.0,0,0,0,399.90920800482854,C
closed_book,pubmedqa,27643961,0.0,0.0,0,0,0,436.75566697493196,C
closed_book,pubmedqa,16296668,1.0,0.0,0,0,0,443.0071249953471,B
closed_book,pubmedqa,27642458,0.0,0.0,0,0,0,409.90670904284343,C
closed_book,pubmedqa,26370095,0.0,0.0,0,0,0,372.8780410019681,C
closed_book,pubmedqa,22532370,0.0,0.0,0,0,0,374.32825000723824,C
closed_book,pubmedqa,25571931,1.0,0.0,0,0,0,416.8546670116484,C
closed_book,pubmedqa,17274051,0.0,0.0,0,0,0,384.9280830472708,C
closed_book,pubmedqa,28359277,0.0,0.0,0,0,0,345.3187919803895,C
closed_book,pubmedqa,10548670,0.0,0.0,0,0,0,323.8650419516489,C
closed_book,pubmedqa,17598882,0.0,0.0,0,0,0,378.21016600355506,C
closed_book,pubmedqa,24270957,0.0,0.0,0,0,0,428.8779579801485,C
closed_book,pubmedqa,23810330,0.0,0.0,0,0,0,367.898583994247,C
closed_book,pubmedqa,19103915,1.0,0.0,0,0,0,378.7404579925351,C
closed_book,pubmedqa,16046584,0.0,0.0,0,0,0,350.72399995988235,B
closed_book,pubmedqa,23736032,0.0,0.0,0,0,0,337.8408330027014,C
closed_book,pubmedqa,23870157,0.0,0.0,0,0,0,363.5151660419069,C
closed_book,pubmedqa,20608141,1.0,0.0,0,0,0,371.40399997588247,B
closed_book,pubmedqa,22236315,0.0,0.0,0,0,0,385.4897089768201,C
closed_book,pubmedqa,19351635,1.0,0.0,0,0,0,383.57591698877513,C
closed_book,pubmedqa,19430778,0.0,0.0,0,0,0,456.63929102011025,B
closed_book,pubmedqa,27281318,0.0,0.0,0,0,0,550.7163750007749,C
closed_book,pubmedqa,15208005,0.0,0.0,0,0,0,707.2199580143206,B
closed_book,pubmedqa,24245816,0.0,0.0,0,0,0,538.1147500011139,B
closed_book,pubmedqa,19481382,0.0,0.0,0,0,0,473.0160839972086,C
closed_book,pubmedqa,11481172,0.0,0.0,0,0,0,1140.4967090347782,C
closed_book,pubmedqa,24799031,1.0,0.0,0,0,0,487.38333402434364,B
closed_book,bioasq,6081af3c4e6a4cf630000008,0.0,0.0,0,0,0,331.90400002058595,B
closed_book,bioasq,5e94902f2d3121100d000012,0.0,0.0,0,0,0,514.6606659982353,B
closed_book,bioasq,6020a7391cb411341a00007e,0.0,0.0,0,0,0,470.07704101270065,B
closed_book,bioasq,5be48282133db5eb7800001b,0.0,0.0,0,0,0,731.8213329999708,B
closed_book,bioasq,601cb7a61cb411341a000026,0.0,0.0,0,0,0,745.6999580026604,B
closed_book,bioasq,601c46f61cb411341a00001d,0.0,0.0,0,0,0,861.5691249724478,B
closed_book,bioasq,63eef9b6f36125a426000011,1.0,0.0,0,0,0,966.6847080225125,B
closed_book,bioasq,63f9cdb033942b094c000012,1.0,0.0,0,0,0,348.5318329767324,B
closed_book,bioasq,6415ca99690f196b51000019,0.0,0.0,0,0,0,2031.8768749712035,B
closed_book,bioasq,620c27e93a8413c653000006,1.0,0.0,0,0,0,4131.043000030331,B
closed_book,bioasq,63f9cdcc33942b094c000013,1.0,0.0,0,0,0,1035.0251250201836,B
closed_book,bioasq,61f938e7882a024a10000049,1.0,0.0,0,0,0,746.4274169760756,B
closed_book,bioasq,5e4b5f566d0a277941000020,1.0,0.0,0,0,0,386.49583398364484,B
closed_book,bioasq,621e9aa13a8413c653000053,0.0,0.0,0,0,0,405.8591659995727,B
closed_book,bioasq,5d35eb01b3a638076300000f,0.0,0.0,0,0,0,972.08345803665,B
closed_book,bioasq,601c3f041cb411341a000018,0.0,0.0,0,0,0,895.2299170196056,B
closed_book,bioasq,622668313a8413c653000087,1.0,0.0,0,0,0,849.1217080154456,B
closed_book,bioasq,60206bae1cb411341a00007d,0.0,0.0,0,0,0,759.2136249877512,B
closed_book,bioasq,5c73ad0b7c78d69471000093,1.0,0.0,0,0,0,1007.4012910481542,B
closed_book,bioasq,64178e15690f196b51000020,0.0,0.0,0,0,0,402.930166979786,B
closed_book,bioasq,5e30f494fbd6abf43b000044,0.0,0.0,0,0,0,341.3836249965243,B
closed_book,bioasq,5c73ad327c78d69471000097,1.0,0.0,0,0,0,876.1701670009643,B
closed_book,bioasq,6402c0d5201352f04a000008,1.0,0.0,0,0,0,327.6045840466395,B
closed_book,bioasq,5e30b56efbd6abf43b000037,1.0,0.0,0,0,0,1224.097917031031,B
closed_book,bioasq,643ff48a57b1c7a31500003d,1.0,0.0,0,0,0,346.38791700126603,B
closed_book,bioasq,63f02b50f36125a426000014,0.0,0.0,0,0,0,1187.87154200254,B
closed_book,bioasq,5c57216e07647bbc4b000018,0.0,0.0,0,0,0,389.1847499762662,B
closed_book,bioasq,625144c9e764a53204000016,0.0,0.0,0,0,0,1846.0899160127155,B
closed_book,bioasq,5e2e1017fbd6abf43b000020,1.0,0.0,0,0,0,413.86629099724814,B
closed_book,bioasq,643c446357b1c7a31500002f,0.0,0.0,0,0,0,716.6532499832101,B
closed_book,mmlu,anatomy-013,1.0,0.0,0,0,0,596.9240000122227,B
closed_book,mmlu,college_medicine-140,0.0,0.0,0,0,0,1119.6147089940496,B
closed_book,mmlu,college_biology-087,1.0,0.0,0,0,0,1187.0488750282675,B
closed_book,mmlu,college_medicine-155,1.0,0.0,0,0,0,1994.8949170066044,B
closed_book,mmlu,clinical_knowledge-254,1.0,0.0,0,0,0,906.5100000007078,D
closed_book,mmlu,anatomy-101,1.0,0.0,0,0,0,1181.346333003603,D
closed_book,mmlu,professional_medicine-176,0.0,0.0,0,0,0,656.1853329767473,A
closed_book,mmlu,professional_medicine-060,1.0,0.0,0,0,0,1420.5921670072712,B
closed_book,mmlu,medical_genetics-088,1.0,0.0,0,0,0,823.4277499723248,D
closed_book,mmlu,professional_medicine-213,1.0,0.0,0,0,0,903.0844999942929,D
closed_book,mmlu,medical_genetics-007,1.0,0.0,0,0,0,775.6658329744823,C
closed_book,mmlu,college_biology-028,1.0,0.0,0,0,0,1125.6294579943642,A
closed_book,mmlu,clinical_knowledge-038,1.0,0.0,0,0,0,566.491584002506,B
closed_book,mmlu,anatomy-076,1.0,0.0,0,0,0,745.6324999802746,A
closed_book,mmlu,professional_medicine-131,0.0,0.0,0,0,0,1645.0345839839429,D
closed_book,mmlu,clinical_knowledge-255,1.0,0.0,0,0,0,1004.3647499987856,A
closed_book,mmlu,college_biology-054,1.0,0.0,0,0,0,819.7746670339257,D
closed_book,mmlu,anatomy-035,1.0,0.0,0,0,0,448.4562500147149,C
closed_book,mmlu,college_medicine-041,0.0,0.0,0,0,0,1006.4762080437504,B
closed_book,mmlu,professional_medicine-271,0.0,0.0,0,0,0,1053.8853339967318,D
closed_book,mmlu,medical_genetics-051,0.0,0.0,0,0,0,590.5843750224449,D
closed_book,mmlu,anatomy-119,1.0,0.0,0,0,0,842.2969999955967,D
closed_book,mmlu,medical_genetics-020,1.0,0.0,0,0,0,472.2566250129603,D
closed_book,mmlu,college_medicine-150,1.0,0.0,0,0,0,564.9189579999074,C
closed_book,mmlu,medical_genetics-031,1.0,0.0,0,0,0,717.9124169633724,C
closed_book,mmlu,anatomy-083,1.0,0.0,0,0,0,607.058290974237,B
closed_book,mmlu,college_biology-011,1.0,0.0,0,0,0,505.4205000051297,D
closed_book,mmlu,college_medicine-020,1.0,0.0,0,0,0,799.0447919582948,C
closed_book,mmlu,professional_medicine-260,1.0,0.0,0,0,0,624.524749990087,D
closed_book,mmlu,clinical_knowledge-154,1.0,0.0,0,0,0,717.0175419887528,B
psi_cells,medqa,0180,0.0,0.0,6,3,2,3526.4430830138735,C
psi_cells,medqa,0294,1.0,0.0,6,3,2,2366.3369999849238,A
psi_cells,medqa,0729,1.0,0.0,6,3,2,3341.50837501511,C
psi_cells,medqa,0975,1.0,0.0,6,3,2,2476.8149580340832,C
psi_cells,medqa,0432,1.0,0.0,6,3,2,2801.8520000041462,A
psi_cells,medqa,1188,1.0,0.0,6,3,2,2045.6388749880716,B
psi_cells,medqa,0665,0.0,0.0,6,3,2,2162.7175419707783,C
psi_cells,medqa,1165,1.0,0.0,6,3,2,3008.5549589712173,B
psi_cells,medqa,0093,1.0,0.0,6,3,2,3010.720416030381,D
psi_cells,medqa,0003,0.0,0.0,6,3,2,2860.337374964729,B
psi_cells,medqa,0207,1.0,0.0,6,3,2,2969.500708975829,A
psi_cells,medqa,1034,0.0,0.0,6,3,2,2903.700916969683,C
psi_cells,medqa,0092,1.0,0.0,6,3,2,2341.368916037027,C
psi_cells,medqa,0534,1.0,0.0,6,3,2,2843.430167005863,B
psi_cells,medqa,1151,0.0,0.0,6,3,2,3641.848958970513,D
psi_cells,medqa,0750,1.0,0.0,6,3,2,3014.8604579735547,B
psi_cells,medqa,0971,1.0,0.0,6,3,2,2850.868250010535,D
psi_cells,medqa,0273,0.0,0.0,6,3,2,6253.645583987236,D
psi_cells,medqa,0285,1.0,0.0,6,3,2,2864.130000001751,C
psi_cells,medqa,1062,0.0,0.0,6,3,2,3271.744249970652,D
psi_cells,medqa,0871,1.0,0.0,6,3,2,3957.5898330076598,B
psi_cells,medqa,0274,1.0,0.0,6,3,2,2412.9400000092573,A
psi_cells,medqa,0968,1.0,0.0,6,3,2,2387.2860000119545,A
psi_cells,medqa,0251,1.0,0.0,6,3,2,3362.5624580308795,B
psi_cells,medqa,1076,0.0,0.0,6,3,2,2333.089916035533,D
psi_cells,medqa,0659,0.0,0.0,6,3,2,3121.824625006411,D
psi_cells,medqa,0116,1.0,0.0,6,3,2,3046.5041249990463,C
psi_cells,medqa,1187,1.0,0.0,6,3,2,3676.1863330029882,A
psi_cells,medqa,0864,1.0,0.0,6,3,2,3312.030333036091,D
psi_cells,medqa,0759,1.0,0.0,6,3,2,3445.528040989302,C
psi_cells,medmcqa,49929359-b1a1-436e-9df2-31b0b129f0d7,1.0,0.0,6,3,2,2847.944542008918,D
psi_cells,medmcqa,8692345e-a600-4355-a964-bb514b16d977,1.0,0.0,6,3,2,3032.6091250171885,A
psi_cells,medmcqa,6b86f0c4-8038-4e49-8789-2a288d123aa7,0.0,0.0,6,3,2,2176.0844999807887,D
psi_cells,medmcqa,55b01624-a67f-4680-b4df-f5f693a5ba90,0.0,1.0,6,3,2,5883.589792007115,"The provided passages discuss spinal cord injury mechanisms, vascular effects, and the impact of compression sleeves on muscle activation cost. Neither passage contains information regarding the physi"
psi_cells,medmcqa,5444cae2-aeab-4a04-8501-e91fe8ce794a,0.0,0.0,6,3,2,2636.602833052166,D
psi_cells,medmcqa,0c1957b7-636d-4450-9a54-46f34f086cf5,1.0,0.0,6,3,2,2204.199208004866,A
psi_cells,medmcqa,f19f48e2-8706-4f8b-bca5-66c3000f7b27,1.0,0.0,6,3,2,2191.5418750140816,D
psi_cells,medmcqa,05863ba7-3f7b-48eb-a74b-7cd2598065b4,0.0,0.0,6,3,2,1562.2924590134062,C
psi_cells,medmcqa,40013980-4b7a-4cc7-8c38-f2f45215bcbf,0.0,0.0,6,3,2,2371.9598329626024,A
psi_cells,medmcqa,a31fa037-1f22-44a4-8d07-6457c439b685,1.0,0.0,6,3,2,2526.7306659952737,B
psi_cells,medmcqa,5449783f-f56a-4761-b276-430a15e89ea7,1.0,0.0,6,3,2,1736.4961249986663,C
psi_cells,medmcqa,03952f72-4223-48bc-a0df-51af60400a7a,1.0,0.0,6,3,2,2812.9063329542987,B
psi_cells,medmcqa,7f1e6ce7-7564-47b0-9071-77daee60e4cf,0.0,0.0,6,3,2,2268.824999977369,B
psi_cells,medmcqa,58d24187-ca26-4e5b-a3d9-c57ce0ff543b,1.0,0.0,6,3,2,2191.1510409554467,A
psi_cells,medmcqa,ca5cb321-54b4-4b5f-a507-0493c19af96f,1.0,0.0,6,3,2,2911.3720000023022,B
psi_cells,medmcqa,dd05805a-f289-42bd-8377-e0e8fdfcff8b,1.0,0.0,6,3,2,2131.3983330037445,A
psi_cells,medmcqa,266fb227-cdc2-42a9-817a-e42fa767e5cd,1.0,0.0,6,3,2,2830.932208977174,C
psi_cells,medmcqa,bed477a6-5416-4f65-9859-e454fa02adbc,1.0,0.0,6,3,2,1779.4006249750964,A
psi_cells,medmcqa,a4b5e737-c930-4108-ab83-ea8881ab12ee,0.0,0.0,6,3,2,841.1243750015274,D
psi_cells,medmcqa,8be32dbe-9a46-4a8a-8c08-ff89c3e78c3d,0.0,0.0,6,3,2,2580.3615829790942,B
psi_cells,medmcqa,61d50780-6165-4945-ad76-ef08e193ec57,1.0,0.0,6,3,2,2553.8710830151103,B
psi_cells,medmcqa,8518813c-bb02-4357-94ba-ef5201c7c983,1.0,0.0,6,3,2,2089.6477079950273,B
psi_cells,medmcqa,240aaafe-ec41-447b-85eb-d8da168c1430,1.0,0.0,6,3,2,1613.797500031069,C
psi_cells,medmcqa,5603de35-adb1-4612-a9ea-1e719e1aa879,1.0,0.0,6,3,2,3242.7435829886235,B
psi_cells,medmcqa,3cbfd65a-92f2-4c67-919d-847dccb7e6d8,0.0,0.0,6,3,2,2679.0072079747915,D
psi_cells,medmcqa,09a97945-700d-49da-92e1-8b7c31754b56,1.0,0.0,6,3,2,2026.3906669570133,B
psi_cells,medmcqa,4653fb7a-ddbf-493b-b4ef-92205582a27a,0.0,0.0,6,3,2,2236.362709023524,D
psi_cells,medmcqa,d5b9b2b3-09f3-41b8-89a1-232e7c61b806,1.0,0.0,6,3,2,2622.6579579524696,A
psi_cells,medmcqa,104140eb-9ea9-4d91-8fa2-82aebb82e8ae,0.0,0.0,6,3,2,1623.4760410152376,C
psi_cells,medmcqa,57ddda15-6303-4ef9-a63c-8274551717ca,1.0,0.0,6,3,2,2475.939374999143,A
psi_cells,pubmedqa,22350859,0.0,0.0,6,3,2,2187.9857500316575,C
psi_cells,pubmedqa,12070552,1.0,0.0,6,3,2,3039.7594579844736,B
psi_cells,pubmedqa,23412195,0.0,0.0,6,3,2,2296.4111670153216,C
psi_cells,pubmedqa,20605051,0.0,0.0,6,3,2,1812.0387910166755,B
psi_cells,pubmedqa,27643961,0.0,0.0,6,3,2,3035.8249580021948,C
psi_cells,pubmedqa,16296668,1.0,0.0,6,3,2,2560.229624970816,B
psi_cells,pubmedqa,27642458,0.0,0.0,6,3,2,2420.4672909691,C
psi_cells,pubmedqa,26370095,0.0,0.0,6,3,2,2300.6645839777775,C
psi_cells,pubmedqa,22532370,0.0,0.0,6,3,2,2457.4031659867615,B
psi_cells,pubmedqa,25571931,1.0,0.0,6,3,2,2664.8781250114553,C
psi_cells,pubmedqa,17274051,0.0,0.0,6,3,2,2098.424584022723,C
psi_cells,pubmedqa,28359277,0.0,0.0,6,3,2,2270.170292002149,C
psi_cells,pubmedqa,10548670,0.0,0.0,6,3,2,2774.034666013904,B
psi_cells,pubmedqa,17598882,0.0,0.0,6,3,2,2566.8813749798574,B
psi_cells,pubmedqa,24270957,0.0,0.0,6,3,2,2852.871667011641,C
psi_cells,pubmedqa,23810330,0.0,0.0,6,3,2,2374.4774170336314,C
psi_cells,pubmedqa,19103915,0.0,0.0,6,3,2,3953.226707992144,B
psi_cells,pubmedqa,16046584,0.0,0.0,6,3,2,2290.093125018757,C
psi_cells,pubmedqa,23736032,0.0,0.0,6,3,2,2793.4179580188356,C
psi_cells,pubmedqa,23870157,0.0,0.0,6,3,2,2812.724207993597,B
psi_cells,pubmedqa,20608141,1.0,0.0,6,3,2,2273.725959006697,B
psi_cells,pubmedqa,22236315,1.0,0.0,6,3,2,2933.119458029978,B
psi_cells,pubmedqa,19351635,1.0,0.0,6,3,2,2386.178708053194,C
psi_cells,pubmedqa,19430778,0.0,0.0,6,3,2,2408.482208964415,B
psi_cells,pubmedqa,27281318,0.0,0.0,6,3,2,1674.5584580348805,B
psi_cells,pubmedqa,15208005,0.0,0.0,6,3,2,2767.8549169795588,B
psi_cells,pubmedqa,24245816,0.0,0.0,6,3,2,2044.0874160267413,B
psi_cells,pubmedqa,19481382,1.0,0.0,6,3,2,2904.4576670276,B
psi_cells,pubmedqa,11481172,0.0,0.0,6,3,2,3148.0172920273617,B
psi_cells,pubmedqa,24799031,1.0,0.0,6,3,2,1835.469292011112,B
psi_cells,bioasq,6081af3c4e6a4cf630000008,0.0,0.0,6,3,2,3691.016541037243,B
psi_cells,bioasq,5e94902f2d3121100d000012,0.0,0.0,6,3,2,2194.7291659889743,B
psi_cells,bioasq,6020a7391cb411341a00007e,0.0,0.0,6,3,2,2998.49104200257,B
psi_cells,bioasq,5be48282133db5eb7800001b,1.0,0.0,6,3,2,4619.510624965187,A
psi_cells,bioasq,601cb7a61cb411341a000026,1.0,0.0,6,3,2,2440.1210420182906,A
psi_cells,bioasq,601c46f61cb411341a00001d,0.0,0.0,6,3,2,2355.688875017222,B
psi_cells,bioasq,63eef9b6f36125a426000011,1.0,0.0,6,3,2,1991.1445420002565,B
psi_cells,bioasq,63f9cdb033942b094c000012,1.0,0.0,6,3,2,2751.8568329978734,B
psi_cells,bioasq,6415ca99690f196b51000019,1.0,0.0,6,3,2,2576.212666986976,A
psi_cells,bioasq,620c27e93a8413c653000006,1.0,0.0,6,3,2,3483.6347909877077,B
psi_cells,bioasq,63f9cdcc33942b094c000013,1.0,0.0,6,3,2,2743.6402500024997,B
psi_cells,bioasq,61f938e7882a024a10000049,0.0,0.0,6,3,2,2793.431500031147,A
psi_cells,bioasq,5e4b5f566d0a277941000020,1.0,0.0,6,3,2,3565.031500009354,B
psi_cells,bioasq,621e9aa13a8413c653000053,0.0,0.0,6,3,2,3254.7024579835124,B
psi_cells,bioasq,5d35eb01b3a638076300000f,0.0,0.0,6,3,2,2699.561875022482,B
psi_cells,bioasq,601c3f041cb411341a000018,0.0,0.0,6,3,2,2797.273625037633,B
psi_cells,bioasq,622668313a8413c653000087,1.0,0.0,6,3,2,2031.8540830048732,B
psi_cells,bioasq,60206bae1cb411341a00007d,0.0,0.0,6,3,2,3181.115332990885,B
psi_cells,bioasq,5c73ad0b7c78d69471000093,1.0,0.0,6,3,2,2265.0332920020446,B
psi_cells,bioasq,64178e15690f196b51000020,0.0,0.0,6,3,2,3231.145291007124,B
psi_cells,bioasq,5e30f494fbd6abf43b000044,0.0,0.0,6,3,2,3112.213790998794,B
psi_cells,bioasq,5c73ad327c78d69471000097,1.0,0.0,6,3,2,4198.71983298799,B
psi_cells,bioasq,6402c0d5201352f04a000008,1.0,0.0,6,3,2,2869.0691249794327,B
psi_cells,bioasq,5e30b56efbd6abf43b000037,1.0,0.0,6,3,2,2100.8824589662254,B
psi_cells,bioasq,643ff48a57b1c7a31500003d,1.0,0.0,6,3,2,3316.793375008274,B
psi_cells,bioasq,63f02b50f36125a426000014,0.0,0.0,6,3,2,4714.047290966846,B
psi_cells,bioasq,5c57216e07647bbc4b000018,0.0,0.0,6,3,2,3527.3891250253655,B
psi_cells,bioasq,625144c9e764a53204000016,0.0,0.0,6,3,2,1954.9250829732046,B
psi_cells,bioasq,5e2e1017fbd6abf43b000020,1.0,0.0,6,3,2,1693.1325829937123,B
psi_cells,bioasq,643c446357b1c7a31500002f,1.0,0.0,6,3,2,2845.878874999471,A
psi_cells,mmlu,anatomy-013,1.0,0.0,6,3,2,2734.7726249718107,B
psi_cells,mmlu,college_medicine-140,0.0,0.0,6,3,2,2073.4482909902,D
psi_cells,mmlu,college_biology-087,1.0,0.0,6,3,2,2994.6139169624075,B
psi_cells,mmlu,college_medicine-155,1.0,0.0,6,3,2,3039.012624998577,B
psi_cells,mmlu,clinical_knowledge-254,1.0,0.0,6,3,2,2670.2850830042735,D
psi_cells,mmlu,anatomy-101,1.0,0.0,6,3,2,2979.9817499588244,D
psi_cells,mmlu,professional_medicine-176,0.0,0.0,6,3,2,2699.585833004676,A
psi_cells,mmlu,professional_medicine-060,1.0,0.0,6,3,2,3622.1710419631563,B
psi_cells,mmlu,medical_genetics-088,1.0,0.0,6,3,2,2445.5940410261974,D
psi_cells,mmlu,professional_medicine-213,1.0,0.0,6,3,2,4447.983624995686,D
psi_cells,mmlu,medical_genetics-007,1.0,0.0,6,3,2,2735.8345419634134,C
psi_cells,mmlu,college_biology-028,1.0,0.0,6,3,2,2411.2637090147473,A
psi_cells,mmlu,clinical_knowledge-038,1.0,0.0,6,3,2,2020.418458036147,B
psi_cells,mmlu,anatomy-076,1.0,0.0,6,3,2,3878.339333983604,A
psi_cells,mmlu,professional_medicine-131,1.0,0.0,6,3,2,4292.18408401357,A
psi_cells,mmlu,clinical_knowledge-255,1.0,0.0,6,3,2,2005.3824170026928,A
psi_cells,mmlu,college_biology-054,1.0,0.0,6,3,2,2096.538625017274,D
psi_cells,mmlu,anatomy-035,1.0,0.0,6,3,2,2270.085417025257,C
psi_cells,mmlu,college_medicine-041,0.0,0.0,6,3,2,2968.4395830263384,B
psi_cells,mmlu,professional_medicine-271,0.0,0.0,6,3,2,3221.6064169770107,D
psi_cells,mmlu,medical_genetics-051,0.0,0.0,6,3,2,3116.9542080024257,D
psi_cells,mmlu,anatomy-119,1.0,0.0,6,3,2,2521.3876670459285,D
psi_cells,mmlu,medical_genetics-020,1.0,0.0,6,3,2,2768.871999986004,D
psi_cells,mmlu,college_medicine-150,1.0,0.0,6,3,2,2395.425583003089,C
psi_cells,mmlu,medical_genetics-031,1.0,0.0,6,3,2,1738.4402499883436,C
psi_cells,mmlu,anatomy-083,1.0,0.0,6,3,2,3055.4092500242405,B
psi_cells,mmlu,college_biology-011,1.0,0.0,6,3,2,2173.021125025116,D
psi_cells,mmlu,college_medicine-020,1.0,0.0,6,3,2,2558.2785420119762,C
psi_cells,mmlu,professional_medicine-260,1.0,0.0,6,3,2,2844.9529579957016,D
psi_cells,mmlu,clinical_knowledge-154,1.0,0.0,6,3,2,2308.2898329594173,B
blind,medqa,0180,0.0,0.0,6,3,2,5392.262584005948,C
blind,medqa,0294,1.0,0.0,6,3,2,2791.0793750197627,A
blind,medqa,0729,1.0,0.0,6,3,2,3610.1457919576205,C
blind,medqa,0975,1.0,0.0,6,3,2,2866.4775419747457,C
blind,medqa,0432,1.0,0.0,6,3,2,3558.9613339980133,A
blind,medqa,1188,1.0,0.0,6,3,2,2443.2389170397073,B
blind,medqa,0665,0.0,0.0,6,3,2,2699.276249972172,C
blind,medqa,1165,1.0,0.0,6,3,2,3621.3241249788553,B
blind,medqa,0093,1.0,0.0,6,3,2,3611.427999974694,D
blind,medqa,0003,0.0,0.0,6,3,2,3134.1745420359075,B
blind,medqa,0207,1.0,0.0,6,3,2,3280.255416990258,A
blind,medqa,1034,0.0,0.0,6,3,2,2867.0318750082515,C
blind,medqa,0092,1.0,0.0,6,3,2,2849.169916997198,C
blind,medqa,0534,1.0,0.0,6,3,2,3012.5629999674857,B
blind,medqa,1151,0.0,0.0,6,3,2,3443.4667080058716,D
blind,medqa,0750,1.0,0.0,6,3,2,3286.018332990352,B
blind,medqa,0971,1.0,0.0,6,3,2,3130.567833024543,D
blind,medqa,0273,0.0,0.0,6,3,2,5825.510833994485,D
blind,medqa,0285,1.0,0.0,6,3,2,3006.218541006092,C
blind,medqa,1062,0.0,0.0,6,3,2,3262.501874996815,D
blind,medqa,0871,1.0,0.0,6,3,2,3943.825333029963,B
blind,medqa,0274,1.0,0.0,6,3,2,2340.2682919986546,A
blind,medqa,0968,1.0,0.0,6,3,2,2631.7111660027876,A
blind,medqa,0251,1.0,0.0,6,3,2,3462.3972909757867,B
blind,medqa,1076,0.0,0.0,6,3,2,2348.2543339487165,D
blind,medqa,0659,0.0,0.0,6,3,2,3379.548083001282,D
blind,medqa,0116,1.0,0.0,6,3,2,3299.042707949411,C
blind,medqa,1187,1.0,0.0,6,3,2,3609.046917001251,A
blind,medqa,0864,1.0,0.0,6,3,2,3368.3017499861307,D
blind,medqa,0759,1.0,0.0,6,3,2,3728.3315830281936,C
blind,medmcqa,49929359-b1a1-436e-9df2-31b0b129f0d7,1.0,0.0,6,3,2,2828.2529590069316,D
blind,medmcqa,8692345e-a600-4355-a964-bb514b16d977,1.0,0.0,6,3,2,2922.649417014327,A
blind,medmcqa,6b86f0c4-8038-4e49-8789-2a288d123aa7,1.0,0.0,6,3,2,2452.9562079696916,A
blind,medmcqa,55b01624-a67f-4680-b4df-f5f693a5ba90,1.0,0.0,6,3,2,1921.700457984116,D
blind,medmcqa,5444cae2-aeab-4a04-8501-e91fe8ce794a,0.0,0.0,6,3,2,2867.1777089475654,D
blind,medmcqa,0c1957b7-636d-4450-9a54-46f34f086cf5,1.0,0.0,6,3,2,2688.6874589836225,A
blind,medmcqa,f19f48e2-8706-4f8b-bca5-66c3000f7b27,1.0,0.0,6,3,2,2507.8193329973146,D
blind,medmcqa,05863ba7-3f7b-48eb-a74b-7cd2598065b4,0.0,0.0,6,3,2,2566.9735420378856,C
blind,medmcqa,40013980-4b7a-4cc7-8c38-f2f45215bcbf,0.0,0.0,6,3,2,2451.7245829920284,A
blind,medmcqa,a31fa037-1f22-44a4-8d07-6457c439b685,1.0,0.0,6,3,2,3577.6595829520375,B
blind,medmcqa,5449783f-f56a-4761-b276-430a15e89ea7,0.0,0.0,6,3,2,1648.1581249972805,D
blind,medmcqa,03952f72-4223-48bc-a0df-51af60400a7a,1.0,0.0,6,3,2,3860.893125005532,B
blind,medmcqa,7f1e6ce7-7564-47b0-9071-77daee60e4cf,0.0,0.0,6,3,2,2413.868291012477,B
blind,medmcqa,58d24187-ca26-4e5b-a3d9-c57ce0ff543b,1.0,0.0,6,3,2,2588.638417015318,A
blind,medmcqa,ca5cb321-54b4-4b5f-a507-0493c19af96f,1.0,0.0,6,3,2,2077.0742499735206,B
blind,medmcqa,dd05805a-f289-42bd-8377-e0e8fdfcff8b,1.0,0.0,6,3,2,2316.3335419958457,A
blind,medmcqa,266fb227-cdc2-42a9-817a-e42fa767e5cd,1.0,0.0,6,3,2,3530.4681669804268,C
blind,medmcqa,bed477a6-5416-4f65-9859-e454fa02adbc,1.0,0.0,6,3,2,1638.524082954973,A
blind,medmcqa,a4b5e737-c930-4108-ab83-ea8881ab12ee,0.0,0.0,6,3,2,2514.07662499696,D
blind,medmcqa,8be32dbe-9a46-4a8a-8c08-ff89c3e78c3d,0.0,0.0,6,3,2,3249.691292003263,B
blind,medmcqa,61d50780-6165-4945-ad76-ef08e193ec57,1.0,0.0,6,3,2,2881.05387496762,B
blind,medmcqa,8518813c-bb02-4357-94ba-ef5201c7c983,1.0,0.0,6,3,2,2449.1050000069663,B
blind,medmcqa,240aaafe-ec41-447b-85eb-d8da168c1430,1.0,0.0,6,3,2,2034.2492089839652,C
blind,medmcqa,5603de35-adb1-4612-a9ea-1e719e1aa879,1.0,0.0,6,3,2,2554.5076669659466,B
blind,medmcqa,3cbfd65a-92f2-4c67-919d-847dccb7e6d8,0.0,0.0,6,3,2,3610.157416027505,D
blind,medmcqa,09a97945-700d-49da-92e1-8b7c31754b56,1.0,0.0,6,3,2,2168.71837497456,B
blind,medmcqa,4653fb7a-ddbf-493b-b4ef-92205582a27a,0.0,0.0,6,3,2,2471.772333025001,D
blind,medmcqa,d5b9b2b3-09f3-41b8-89a1-232e7c61b806,1.0,0.0,6,3,2,2908.6221660254523,A
blind,medmcqa,104140eb-9ea9-4d91-8fa2-82aebb82e8ae,0.0,0.0,6,3,2,3182.778457994573,C
blind,medmcqa,57ddda15-6303-4ef9-a63c-8274551717ca,1.0,0.0,6,3,2,2887.4200410209596,A
blind,pubmedqa,22350859,0.0,0.0,6,3,2,2917.580374982208,C
blind,pubmedqa,12070552,1.0,0.0,6,3,2,3165.6671250239015,B
blind,pubmedqa,23412195,0.0,0.0,6,3,2,1638.6661250144243,C
blind,pubmedqa,20605051,0.0,0.0,6,3,2,2024.5393329532817,B
blind,pubmedqa,27643961,0.0,0.0,6,3,2,2893.151584023144,C
blind,pubmedqa,16296668,1.0,0.0,6,3,2,2374.651832971722,B
blind,pubmedqa,27642458,0.0,0.0,6,3,2,2519.6477079880424,C
blind,pubmedqa,26370095,0.0,0.0,6,3,2,3455.3139160270803,C
blind,pubmedqa,22532370,0.0,0.0,6,3,2,3218.1691669975407,B
blind,pubmedqa,25571931,1.0,0.0,6,3,2,2880.925166013185,C
blind,pubmedqa,17274051,0.0,0.0,6,3,2,2087.4554999754764,C
blind,pubmedqa,28359277,0.0,0.0,6,3,2,2629.8735829768702,C
blind,pubmedqa,10548670,0.0,0.0,6,3,2,2766.365624964237,B
blind,pubmedqa,17598882,0.0,0.0,6,3,2,2590.207749977708,B
blind,pubmedqa,24270957,0.0,0.0,6,3,2,2594.5858330233023,C
blind,pubmedqa,23810330,0.0,0.0,6,3,2,2548.9637500140816,C
blind,pubmedqa,19103915,0.0,0.0,6,3,2,4225.7189999800175,B
blind,pubmedqa,16046584,0.0,0.0,6,3,2,2682.308416988235,C
blind,pubmedqa,23736032,0.0,0.0,6,3,2,3631.4623749931343,C
blind,pubmedqa,23870157,1.0,0.0,6,3,2,3891.2495839758776,A
blind,pubmedqa,20608141,1.0,0.0,6,3,2,3363.4245000430383,B
blind,pubmedqa,22236315,1.0,0.0,6,3,2,5062.854916963261,B
blind,pubmedqa,19351635,1.0,0.0,6,3,2,2780.195666011423,C
blind,pubmedqa,19430778,0.0,0.0,6,3,2,3058.1442909897305,B
blind,pubmedqa,27281318,0.0,0.0,6,3,2,2079.489834024571,B
blind,pubmedqa,15208005,0.0,0.0,6,3,2,3819.777290977072,B
blind,pubmedqa,24245816,0.0,0.0,6,3,2,1730.4816669784486,B
blind,pubmedqa,19481382,1.0,0.0,6,3,2,2827.47100002598,B
blind,pubmedqa,11481172,0.0,0.0,6,3,2,3502.5567919947207,B
blind,pubmedqa,24799031,1.0,0.0,6,3,2,3715.1142910006456,B
blind,bioasq,6081af3c4e6a4cf630000008,1.0,0.0,6,3,2,2775.572041980922,A
blind,bioasq,5e94902f2d3121100d000012,0.0,0.0,6,3,2,1954.4643340050243,B
blind,bioasq,6020a7391cb411341a00007e,0.0,0.0,6,3,2,2091.2131250370294,B
blind,bioasq,5be48282133db5eb7800001b,1.0,0.0,6,3,2,2635.927667026408,A
blind,bioasq,601cb7a61cb411341a000026,1.0,0.0,6,3,2,2781.266374979168,A
blind,bioasq,601c46f61cb411341a00001d,0.0,0.0,6,3,2,4963.309999962803,B
blind,bioasq,63eef9b6f36125a426000011,1.0,0.0,6,3,2,2125.3032500389963,B
blind,bioasq,63f9cdb033942b094c000012,1.0,0.0,6,3,2,3592.6236659870483,B
blind,bioasq,6415ca99690f196b51000019,1.0,0.0,6,3,2,3406.2975000124425,A
blind,bioasq,620c27e93a8413c653000006,1.0,0.0,6,3,2,3717.7280409960076,B
blind,bioasq,63f9cdcc33942b094c000013,1.0,0.0,6,3,2,2237.70916700596,B
blind,bioasq,61f938e7882a024a10000049,0.0,0.0,6,3,2,2950.4006250062957,A
blind,bioasq,5e4b5f566d0a277941000020,1.0,0.0,6,3,2,2966.9387910398655,B
blind,bioasq,621e9aa13a8413c653000053,0.0,0.0,6,3,2,2024.9847499653697,B
blind,bioasq,5d35eb01b3a638076300000f,1.0,0.0,6,3,2,2512.2770000016317,A
blind,bioasq,601c3f041cb411341a000018,0.0,0.0,6,3,2,3539.9038750329055,B
blind,bioasq,622668313a8413c653000087,1.0,0.0,6,3,2,1868.1148750474676,B
blind,bioasq,60206bae1cb411341a00007d,0.0,0.0,6,3,2,2530.9994580456987,B
blind,bioasq,5c73ad0b7c78d69471000093,1.0,0.0,6,3,2,2540.759249997791,B
blind,bioasq,64178e15690f196b51000020,0.0,0.0,6,3,2,3806.720749998931,B
blind,bioasq,5e30f494fbd6abf43b000044,0.0,0.0,6,3,2,2950.4312080098316,B
blind,bioasq,5c73ad327c78d69471000097,1.0,0.0,6,3,2,3622.478334000334,B
blind,bioasq,6402c0d5201352f04a000008,1.0,0.0,6,3,2,2763.1470420164987,B
blind,bioasq,5e30b56efbd6abf43b000037,1.0,0.0,6,3,2,2274.338500050362,B
blind,bioasq,643ff48a57b1c7a31500003d,1.0,0.0,6,3,2,2488.1430829991587,B
blind,bioasq,63f02b50f36125a426000014,0.0,0.0,6,3,2,3295.5239579896443,B
blind,bioasq,5c57216e07647bbc4b000018,0.0,0.0,6,3,2,2963.795999996364,B
blind,bioasq,625144c9e764a53204000016,0.0,0.0,6,3,2,2556.8631250062026,B
blind,bioasq,5e2e1017fbd6abf43b000020,1.0,0.0,6,3,2,1923.5421249759383,B
blind,bioasq,643c446357b1c7a31500002f,1.0,0.0,6,3,2,3258.8886250159703,A
blind,mmlu,anatomy-013,1.0,0.0,6,3,2,2334.824541991111,B
blind,mmlu,college_medicine-140,0.0,0.0,6,3,2,2561.825124954339,D
blind,mmlu,college_biology-087,1.0,0.0,6,3,2,2851.7178330221213,B
blind,mmlu,college_medicine-155,1.0,0.0,6,3,2,3409.780874964781,B
blind,mmlu,clinical_knowledge-254,1.0,0.0,6,3,2,2929.860333970282,D
blind,mmlu,anatomy-101,1.0,0.0,6,3,2,1873.9458749769256,D
blind,mmlu,professional_medicine-176,0.0,0.0,6,3,2,2499.455541954376,A
blind,mmlu,professional_medicine-060,1.0,0.0,6,3,2,4009.0742919710465,B
blind,mmlu,medical_genetics-088,1.0,0.0,6,3,2,2335.3082499816082,D
blind,mmlu,professional_medicine-213,1.0,0.0,6,3,2,5252.321042004041,D
blind,mmlu,medical_genetics-007,1.0,0.0,6,3,2,3591.9751670444384,C
blind,mmlu,college_biology-028,1.0,0.0,6,3,2,2810.1676250225864,A
blind,mmlu,clinical_knowledge-038,1.0,0.0,6,3,2,2378.7550419801846,B
blind,mmlu,anatomy-076,1.0,0.0,6,3,2,2967.419958964456,A
blind,mmlu,professional_medicine-131,1.0,0.0,6,3,2,4774.318040988874,A
blind,mmlu,clinical_knowledge-255,1.0,0.0,6,3,2,2030.274000018835,A
blind,mmlu,college_biology-054,1.0,0.0,6,3,2,2632.9707079567015,D
blind,mmlu,anatomy-035,1.0,0.0,6,3,2,3795.5839579808526,C
blind,mmlu,college_medicine-041,0.0,0.0,6,3,2,3290.3344169608317,B
blind,mmlu,professional_medicine-271,0.0,0.0,6,3,2,3242.046458006371,D
blind,mmlu,medical_genetics-051,0.0,0.0,6,3,2,3083.1729999626987,D
blind,mmlu,anatomy-119,1.0,0.0,6,3,2,2816.316917014774,D
blind,mmlu,medical_genetics-020,1.0,0.0,6,3,2,2981.073083006777,D
blind,mmlu,college_medicine-150,1.0,0.0,6,3,2,3010.1684170076624,C
blind,mmlu,medical_genetics-031,1.0,0.0,6,3,2,2802.180083002895,C
blind,mmlu,anatomy-083,1.0,0.0,6,3,2,3618.867707962636,B
blind,mmlu,college_biology-011,0.0,0.0,6,3,2,1920.9063749876805,A
blind,mmlu,college_medicine-020,1.0,0.0,6,3,2,2637.5553749967366,C
blind,mmlu,professional_medicine-260,1.0,0.0,6,3,2,2606.3802919816226,D
blind,mmlu,clinical_knowledge-154,1.0,0.0,6,3,2,2272.412999998778,B
blind_hybrid,medqa,0180,0.0,0.0,6,3,2,3823.050417006016,C
blind_hybrid,medqa,0294,1.0,0.0,6,3,2,3045.390832994599,A
blind_hybrid,medqa,0729,1.0,0.0,6,3,2,3436.396666977089,C
blind_hybrid,medqa,0975,1.0,0.0,6,3,2,3313.180624973029,C
blind_hybrid,medqa,0432,1.0,0.0,6,3,2,3781.950999982655,A
blind_hybrid,medqa,1188,1.0,0.0,6,3,2,2539.2772090272047,B
blind_hybrid,medqa,0665,0.0,0.0,6,3,2,3188.6688329977915,C
blind_hybrid,medqa,1165,1.0,0.0,6,3,2,3543.758416955825,B
blind_hybrid,medqa,0093,1.0,0.0,6,3,2,3144.161375006661,D
blind_hybrid,medqa,0003,0.0,0.0,6,3,2,2923.7043750472367,B
blind_hybrid,medqa,0207,1.0,0.0,6,3,2,4620.456042001024,A
blind_hybrid,medqa,1034,0.0,0.0,6,3,2,2416.7075410368852,C
blind_hybrid,medqa,0092,1.0,0.0,6,3,2,3644.4962079986,C
blind_hybrid,medqa,0534,1.0,0.0,6,3,2,3192.641375004314,B
blind_hybrid,medqa,1151,0.0,0.0,6,3,2,3985.5057090171613,D
blind_hybrid,medqa,0750,1.0,0.0,6,3,2,3096.4450830360875,B
blind_hybrid,medqa,0971,1.0,0.0,6,3,2,3428.256416984368,D
blind_hybrid,medqa,0273,0.0,0.0,6,3,2,6224.376792029943,D
blind_hybrid,medqa,0285,1.0,0.0,6,3,2,3376.143959001638,C
blind_hybrid,medqa,1062,0.0,0.0,6,3,2,3233.2330829813145,D
blind_hybrid,medqa,0871,1.0,0.0,6,3,2,8296.000958012883,B
blind_hybrid,medqa,0274,1.0,0.0,6,3,2,7914.06833397923,A
blind_hybrid,medqa,0968,1.0,0.0,6,3,2,4327.104000025429,A
blind_hybrid,medqa,0251,1.0,0.0,6,3,2,4486.688790959306,B
blind_hybrid,medqa,1076,0.0,0.0,6,3,2,3489.6724579739384,D
blind_hybrid,medqa,0659,0.0,0.0,6,3,2,4660.895625012927,D
blind_hybrid,medqa,0116,1.0,0.0,6,3,2,3522.8431670111604,C
blind_hybrid,medqa,1187,0.0,0.0,6,3,2,4438.851999992039,C
blind_hybrid,medqa,0864,1.0,0.0,6,3,2,3976.8757919664495,D
blind_hybrid,medqa,0759,1.0,0.0,6,3,2,3219.4215419585817,C
blind_hybrid,medmcqa,49929359-b1a1-436e-9df2-31b0b129f0d7,1.0,0.0,6,3,2,2870.450415997766,D
blind_hybrid,medmcqa,8692345e-a600-4355-a964-bb514b16d977,1.0,0.0,6,3,2,2650.92275000643,A
blind_hybrid,medmcqa,6b86f0c4-8038-4e49-8789-2a288d123aa7,1.0,0.0,6,3,2,2696.5296249836683,A
blind_hybrid,medmcqa,55b01624-a67f-4680-b4df-f5f693a5ba90,1.0,0.0,6,3,2,2428.0762909911573,D
blind_hybrid,medmcqa,5444cae2-aeab-4a04-8501-e91fe8ce794a,0.0,0.0,6,3,2,3221.516416000668,D
blind_hybrid,medmcqa,0c1957b7-636d-4450-9a54-46f34f086cf5,1.0,0.0,6,3,2,2823.8706669653766,A
blind_hybrid,medmcqa,f19f48e2-8706-4f8b-bca5-66c3000f7b27,1.0,0.0,6,3,2,3339.2488330136985,D
blind_hybrid,medmcqa,05863ba7-3f7b-48eb-a74b-7cd2598065b4,0.0,0.0,6,3,2,2195.231874997262,C
blind_hybrid,medmcqa,40013980-4b7a-4cc7-8c38-f2f45215bcbf,0.0,0.0,6,3,2,3077.4007919826545,A
blind_hybrid,medmcqa,a31fa037-1f22-44a4-8d07-6457c439b685,1.0,0.0,6,3,2,3148.7482499796897,B
blind_hybrid,medmcqa,5449783f-f56a-4761-b276-430a15e89ea7,0.0,0.0,6,3,2,1648.897792038042,D
blind_hybrid,medmcqa,03952f72-4223-48bc-a0df-51af60400a7a,1.0,0.0,6,3,2,3830.1758330198936,B
blind_hybrid,medmcqa,7f1e6ce7-7564-47b0-9071-77daee60e4cf,0.0,0.0,6,3,2,2853.9184579858556,B
blind_hybrid,medmcqa,58d24187-ca26-4e5b-a3d9-c57ce0ff543b,1.0,0.0,6,3,2,2970.3369999770075,A
blind_hybrid,medmcqa,ca5cb321-54b4-4b5f-a507-0493c19af96f,1.0,0.0,6,3,2,3491.442584025208,B
blind_hybrid,medmcqa,dd05805a-f289-42bd-8377-e0e8fdfcff8b,1.0,0.0,6,3,2,3346.8765830039047,A
blind_hybrid,medmcqa,266fb227-cdc2-42a9-817a-e42fa767e5cd,1.0,0.0,6,3,2,4011.5840830258094,C
blind_hybrid,medmcqa,bed477a6-5416-4f65-9859-e454fa02adbc,1.0,0.0,6,3,2,2028.6197080276906,A
blind_hybrid,medmcqa,a4b5e737-c930-4108-ab83-ea8881ab12ee,0.0,0.0,6,3,2,2704.540833015926,D
blind_hybrid,medmcqa,8be32dbe-9a46-4a8a-8c08-ff89c3e78c3d,0.0,0.0,6,3,2,2774.5274159824476,B
blind_hybrid,medmcqa,61d50780-6165-4945-ad76-ef08e193ec57,1.0,0.0,6,3,2,2601.629499986302,B
blind_hybrid,medmcqa,8518813c-bb02-4357-94ba-ef5201c7c983,1.0,0.0,6,3,2,2614.133832976222,B
blind_hybrid,medmcqa,240aaafe-ec41-447b-85eb-d8da168c1430,1.0,0.0,6,3,2,2779.362915956881,C
blind_hybrid,medmcqa,5603de35-adb1-4612-a9ea-1e719e1aa879,1.0,0.0,6,3,2,3904.94137495989,B
blind_hybrid,medmcqa,3cbfd65a-92f2-4c67-919d-847dccb7e6d8,0.0,0.0,6,3,2,3296.2585839559324,D
blind_hybrid,medmcqa,09a97945-700d-49da-92e1-8b7c31754b56,1.0,0.0,6,3,2,3316.602459002752,B
blind_hybrid,medmcqa,4653fb7a-ddbf-493b-b4ef-92205582a27a,0.0,0.0,6,3,2,4210.028583998792,D
blind_hybrid,medmcqa,d5b9b2b3-09f3-41b8-89a1-232e7c61b806,1.0,0.0,6,3,2,3446.403125009965,A
blind_hybrid,medmcqa,104140eb-9ea9-4d91-8fa2-82aebb82e8ae,0.0,0.0,6,3,2,3126.961750036571,D
blind_hybrid,medmcqa,57ddda15-6303-4ef9-a63c-8274551717ca,1.0,0.0,6,3,2,3169.1791669582017,A
blind_hybrid,pubmedqa,22350859,0.0,0.0,6,3,2,3105.392874975223,C
blind_hybrid,pubmedqa,12070552,1.0,0.0,6,3,2,3518.780583050102,B
blind_hybrid,pubmedqa,23412195,0.0,0.0,6,3,2,3094.3591670366004,C
blind_hybrid,pubmedqa,20605051,0.0,0.0,6,3,2,2092.233000032138,B
blind_hybrid,pubmedqa,27643961,0.0,0.0,6,3,2,3172.1093339729123,C
blind_hybrid,pubmedqa,16296668,1.0,0.0,6,3,2,2432.0475420099683,B
blind_hybrid,pubmedqa,27642458,0.0,0.0,6,3,2,2681.2504999688827,C
blind_hybrid,pubmedqa,26370095,0.0,0.0,6,3,2,2068.027917004656,C
blind_hybrid,pubmedqa,22532370,0.0,0.0,6,3,2,2682.3588749975897,B
blind_hybrid,pubmedqa,25571931,1.0,0.0,6,3,2,2448.873166984413,C
blind_hybrid,pubmedqa,17274051,0.0,0.0,6,3,2,2720.2048340113834,C
blind_hybrid,pubmedqa,28359277,0.0,0.0,6,3,2,3045.567959023174,A
blind_hybrid,pubmedqa,10548670,0.0,0.0,6,3,2,2604.7984580509365,B
blind_hybrid,pubmedqa,17598882,0.0,0.0,6,3,2,2301.865249988623,C
blind_hybrid,pubmedqa,24270957,0.0,0.0,6,3,2,1895.94550000038,C
blind_hybrid,pubmedqa,23810330,0.0,0.0,6,3,2,3954.8742909682915,C
blind_hybrid,pubmedqa,19103915,0.0,0.0,6,3,2,4715.737959020771,B
blind_hybrid,pubmedqa,16046584,0.0,0.0,6,3,2,2138.732291001361,B
blind_hybrid,pubmedqa,23736032,0.0,0.0,6,3,2,2384.6585410065018,C
blind_hybrid,pubmedqa,23870157,1.0,0.0,6,3,2,4064.7634170018137,A
blind_hybrid,pubmedqa,20608141,1.0,0.0,6,3,2,3256.8757080007344,B
blind_hybrid,pubmedqa,22236315,0.0,0.0,6,3,2,3485.2718329639174,C
blind_hybrid,pubmedqa,19351635,0.0,0.0,6,3,2,4012.6646669814363,B
blind_hybrid,pubmedqa,19430778,0.0,0.0,6,3,2,2837.384500016924,B
blind_hybrid,pubmedqa,27281318,0.0,0.0,6,3,2,2422.371499997098,B
blind_hybrid,pubmedqa,15208005,0.0,0.0,6,3,2,3294.197625014931,B
blind_hybrid,pubmedqa,24245816,0.0,0.0,6,3,2,2818.0867090122774,B
blind_hybrid,pubmedqa,19481382,1.0,0.0,6,3,2,2663.517666980624,B
blind_hybrid,pubmedqa,11481172,0.0,0.0,6,3,2,3774.1913750069216,B
blind_hybrid,pubmedqa,24799031,1.0,0.0,6,3,2,3531.915375031531,B
blind_hybrid,bioasq,6081af3c4e6a4cf630000008,1.0,0.0,6,3,2,3660.156083002221,A
blind_hybrid,bioasq,5e94902f2d3121100d000012,0.0,0.0,6,3,2,2670.8057079813443,B
blind_hybrid,bioasq,6020a7391cb411341a00007e,0.0,0.0,6,3,2,2172.1211670082994,B
blind_hybrid,bioasq,5be48282133db5eb7800001b,0.0,0.0,6,3,2,2208.894833980594,B
blind_hybrid,bioasq,601cb7a61cb411341a000026,0.0,0.0,6,3,2,2881.330915959552,B
blind_hybrid,bioasq,601c46f61cb411341a00001d,0.0,0.0,6,3,2,2124.374082952272,B
blind_hybrid,bioasq,63eef9b6f36125a426000011,1.0,0.0,6,3,2,2010.1751670008525,B
blind_hybrid,bioasq,63f9cdb033942b094c000012,1.0,0.0,6,3,2,2339.3121249973774,B
blind_hybrid,bioasq,6415ca99690f196b51000019,1.0,0.0,6,3,2,2939.337416959461,A
blind_hybrid,bioasq,620c27e93a8413c653000006,1.0,0.0,6,3,2,4141.295540961437,B
blind_hybrid,bioasq,63f9cdcc33942b094c000013,1.0,0.0,6,3,2,2358.518459019251,B
blind_hybrid,bioasq,61f938e7882a024a10000049,1.0,0.0,6,3,2,2767.2200829838403,B
blind_hybrid,bioasq,5e4b5f566d0a277941000020,1.0,0.0,6,3,2,2191.4213330019265,B
blind_hybrid,bioasq,621e9aa13a8413c653000053,0.0,0.0,6,3,2,3360.5214999988675,B
blind_hybrid,bioasq,5d35eb01b3a638076300000f,0.0,0.0,6,3,2,1878.6133750109002,B
blind_hybrid,bioasq,601c3f041cb411341a000018,0.0,0.0,6,3,2,3127.3871670127846,B
blind_hybrid,bioasq,622668313a8413c653000087,1.0,0.0,6,3,2,1937.2622499940917,B
blind_hybrid,bioasq,60206bae1cb411341a00007d,0.0,0.0,6,3,2,2488.13762498321,B
blind_hybrid,bioasq,5c73ad0b7c78d69471000093,1.0,0.0,6,3,2,2264.1054169507697,B
blind_hybrid,bioasq,64178e15690f196b51000020,0.0,0.0,6,3,2,2757.464374997653,B
blind_hybrid,bioasq,5e30f494fbd6abf43b000044,1.0,0.0,6,3,2,2400.795834022574,A
blind_hybrid,bioasq,5c73ad327c78d69471000097,1.0,0.0,6,3,2,3843.425458006095,B
blind_hybrid,bioasq,6402c0d5201352f04a000008,1.0,0.0,6,3,2,3651.3237910112366,B
blind_hybrid,bioasq,5e30b56efbd6abf43b000037,1.0,0.0,6,3,2,1963.7858329806477,B
blind_hybrid,bioasq,643ff48a57b1c7a31500003d,1.0,0.0,6,3,2,2929.3671249761246,B
blind_hybrid,bioasq,63f02b50f36125a426000014,0.0,0.0,6,3,2,3877.954916039016,B
blind_hybrid,bioasq,5c57216e07647bbc4b000018,0.0,0.0,6,3,2,3110.153541958425,B
blind_hybrid,bioasq,625144c9e764a53204000016,0.0,0.0,6,3,2,2902.7512919856235,B
blind_hybrid,bioasq,5e2e1017fbd6abf43b000020,1.0,0.0,6,3,2,3045.111417013686,B
blind_hybrid,bioasq,643c446357b1c7a31500002f,0.0,0.0,6,3,2,2154.790208034683,B
blind_hybrid,mmlu,anatomy-013,1.0,0.0,6,3,2,2637.619333982002,B
blind_hybrid,mmlu,college_medicine-140,0.0,0.0,6,3,2,2078.8074999582022,D
blind_hybrid,mmlu,college_biology-087,1.0,0.0,6,3,2,2622.008583974093,B
blind_hybrid,mmlu,college_medicine-155,1.0,0.0,6,3,2,2923.564583004918,B
blind_hybrid,mmlu,clinical_knowledge-254,1.0,0.0,6,3,2,2774.056540976744,D
blind_hybrid,mmlu,anatomy-101,1.0,0.0,6,3,2,2225.615083996672,D
blind_hybrid,mmlu,professional_medicine-176,0.0,0.0,6,3,2,2736.2012499943376,A
blind_hybrid,mmlu,professional_medicine-060,1.0,0.0,6,3,2,4537.395624967758,B
blind_hybrid,mmlu,medical_genetics-088,1.0,0.0,6,3,2,2074.535207997542,D
blind_hybrid,mmlu,professional_medicine-213,1.0,0.0,6,3,2,3760.186542000156,D
blind_hybrid,mmlu,medical_genetics-007,1.0,0.0,6,3,2,2693.9488329808228,C
blind_hybrid,mmlu,college_biology-028,1.0,0.0,6,3,2,2334.7918749786913,A
blind_hybrid,mmlu,clinical_knowledge-038,1.0,0.0,6,3,2,2101.942917041015,B
blind_hybrid,mmlu,anatomy-076,1.0,0.0,6,3,2,2391.2147089722566,A
blind_hybrid,mmlu,professional_medicine-131,0.0,0.0,6,3,2,4122.249667008873,D
blind_hybrid,mmlu,clinical_knowledge-255,1.0,0.0,6,3,2,3772.484874993097,A
blind_hybrid,mmlu,college_biology-054,1.0,0.0,6,3,2,3034.664874954615,D
blind_hybrid,mmlu,anatomy-035,1.0,0.0,6,3,2,2142.3840839997865,C
blind_hybrid,mmlu,college_medicine-041,0.0,0.0,6,3,2,2164.2599159968086,B
blind_hybrid,mmlu,professional_medicine-271,0.0,0.0,6,3,2,3499.6230840333737,D
blind_hybrid,mmlu,medical_genetics-051,0.0,0.0,6,3,2,2626.1480419780128,D
blind_hybrid,mmlu,anatomy-119,1.0,0.0,6,3,2,2669.897666957695,D
blind_hybrid,mmlu,medical_genetics-020,1.0,0.0,6,3,2,2264.26274998812,D
blind_hybrid,mmlu,college_medicine-150,1.0,0.0,6,3,2,2350.5829999921843,C
blind_hybrid,mmlu,medical_genetics-031,1.0,0.0,6,3,2,2103.8268330157734,C
blind_hybrid,mmlu,anatomy-083,1.0,0.0,6,3,2,2790.829209028743,B
blind_hybrid,mmlu,college_biology-011,0.0,0.0,6,3,2,2156.7338749882765,A
blind_hybrid,mmlu,college_medicine-020,1.0,0.0,6,3,2,3490.7962500001304,C
blind_hybrid,mmlu,professional_medicine-260,1.0,0.0,6,3,2,3069.8455829988234,D
blind_hybrid,mmlu,clinical_knowledge-154,1.0,0.0,6,3,2,2550.914165971335,B
broadcast,medqa,0180,0.0,1.0,6,3,12,60348.69779198198,"Based on the text provided, here is the answer matrix summarizing the key findings, methods, and conclusions for each entry:

| ID | Topic / Title | Key Findings / Results | Methodology / Approach | C"
broadcast,medqa,0294,1.0,0.0,6,3,12,7474.415874981787,A
broadcast,medqa,0729,0.0,0.0,6,3,12,70788.73583301902,"Based on the text provided, here is a summary of the key findings from each section:

**[5] Cerebral Oxygen Saturation in Infants with Duct-Dependent CHD**
*   **Findings:** During the first 72 hours "
broadcast,medqa,0975,1.0,0.0,6,3,12,8456.279041012749,C
broadcast,medqa,0432,1.0,0.0,6,3,12,49194.72087500617,"Based on the text provided, here are the answers to the implicit questions regarding the studies and comments:

**1. Regarding Transient Global Amnesia (TGA) and Imaging:**
*   **CTP Findings:** Patie"
broadcast,medqa,1188,1.0,0.0,6,3,12,7346.765167021658,B
broadcast,medqa,0665,0.0,0.0,6,3,12,8290.872708021197,C
broadcast,medqa,1165,1.0,0.0,6,3,12,9134.637417038903,B
broadcast,medqa,0093,0.0,0.0,6,3,12,45994.59550000029,"Based on the text provided, here is a summary of the key findings from each section:

**[6] Muscle activation and energy-requirements for varying postures in children and adolescents with cerebral pal"
broadcast,medqa,0003,0.0,0.0,6,3,12,9229.389040963724,B
broadcast,medqa,0207,0.0,1.0,6,3,12,49421.51770804776,"Based on the provided texts, here is a critical synthesis of the key medical and ethical points regarding diagnostic accuracy, surgical outcomes, and emerging technologies:

**1. Diagnostic Accuracy v"
broadcast,medqa,1034,0.0,0.0,6,3,12,8987.15987498872,C
broadcast,medqa,0092,0.0,0.0,6,3,12,55199.34891699813,"Based on the text provided, here is a summary and analysis of the key points from each excerpt:

**Excerpt [7]: Drug Testing Limitations**
*   **Core Argument:** The majority of employer drug tests fo"
broadcast,medqa,0534,0.0,1.0,6,3,12,19865.90991698904,"Based on the text provided, here is the identification of the key information regarding **ARDS**, **incidence rates**, and **mortality**:

*   **Identification of ARDS Patients:** The text notes that "
broadcast,medqa,1151,1.0,0.0,6,3,12,52919.049917021766,"Based on the text provided, here is a summary of the key findings and conclusions from each excerpt:

**[5] Fetal Growth Intervention in Ghana**
*   **Goal:** To improve fetal growth among vulnerable "
broadcast,medqa,0750,1.0,0.0,6,3,12,9233.87095797807,B
broadcast,medqa,0971,1.0,0.0,6,3,12,8811.386458051857,D
broadcast,medqa,0273,1.0,0.0,6,3,12,53334.499208955094,"Based on the text provided, here is a summary of the key findings from each excerpt:

**1. Stool ColoDefense Test (Cancer Detection)**
*   **Performance:** The test showed high sensitivity for detecti"
broadcast,medqa,0285,1.0,0.0,6,3,12,8623.1344579719,C
broadcast,medqa,1062,1.0,0.0,6,3,12,73113.11645800015,"Based on the text provided, here is a summary of the key findings and conclusions for each excerpt:

**[5] Nephrogenic Fibrosing Dermopathy (NFD) and Gadolinium**
*   **Condition:** NFD causes skin th"
broadcast,medqa,0871,0.0,0.0,6,3,12,58688.37570800679,"Based on the text provided, here is a summary of the key findings for each excerpt:

**[6] Salmonella Dublin in Cattle**
*   **Condition:** Uropathogenicity of *Salmonella enterica* subsp. *enterica* "
broadcast,medqa,0274,1.0,0.0,6,3,12,9930.743791977875,A
broadcast,medqa,0968,0.0,1.0,6,3,12,20157.482791051734,"Based on the text provided in section **[12]** regarding ""Crohn's disease of the vulva in a 10-year-old girl,"" here is the answer to your question about the clinical presentation and management:

**Cl"
broadcast,medqa,0251,0.0,0.0,6,3,12,59574.69141698675,"Based on the text provided, here are the answers to the implicit questions or summaries of the key findings in each abstract:

**[6] Study on Technetium 99m Tricarbonyl His-annexin A5:**
*   **Objecti"
broadcast,medqa,1076,0.0,0.0,6,3,12,10085.088624968193,D
broadcast,medqa,0659,0.0,0.0,6,3,12,60212.2756249737,"Based on the text provided, here is a summary of the key findings from each study:

**1. PET/CT vs. CT for Ablation Follow-up (Study [7])**
*   **Objective:** To evaluate if Dual Time Point PET/CT can"
broadcast,medqa,0116,0.0,0.0,6,3,12,40848.51775004063,"Based on the text provided, here is a summary of the key findings and conclusions for each excerpt:

**Excerpt [6]: ACE Inhibitors and COVID-19 Risk Factors**
*   **Findings:** Genetic studies showed "
broadcast,medqa,1187,0.0,1.0,6,3,12,17273.00504199229,"Based on the text provided, here is a summary of the key points regarding **Hidradenitis Suppurativa (HS)** in children and adolescents:

*   **Nature of the Disease:** HS is described as a burdensome"
broadcast,medqa,0864,0.0,0.0,6,3,12,32687.211417010985,"Based on the text provided, here is a summary of the key findings from each excerpt:

*   **Excerpt [6]:** Contrast-enhanced ultrasound (CEUS) significantly improves the visualization of hepatocellula"
broadcast,medqa,0759,0.0,0.0,6,3,12,33517.56624999689,"Based on the text provided, here is a summary of the key points regarding HIV management in intensive care and complications associated with hyaluronic acid (HA) injections:

**1. Management of HIV-In"
broadcast,medmcqa,49929359-b1a1-436e-9df2-31b0b129f0d7,1.0,0.0,6,3,12,8091.921582992654,D
broadcast,medmcqa,8692345e-a600-4355-a964-bb514b16d977,1.0,0.0,6,3,12,9181.649917038158,A
broadcast,medmcqa,6b86f0c4-8038-4e49-8789-2a288d123aa7,1.0,0.0,6,3,12,7558.415875013452,A
broadcast,medmcqa,55b01624-a67f-4680-b4df-f5f693a5ba90,1.0,0.0,6,3,12,8477.572457981296,D
broadcast,medmcqa,5444cae2-aeab-4a04-8501-e91fe8ce794a,1.0,0.0,6,3,12,35752.05245800316,"Based on the provided text, here is a summary of the key findings regarding complications from dermal filler injections and pain management in preterm infants:

**1. Complications from Dermal Fillers "
broadcast,medmcqa,0c1957b7-636d-4450-9a54-46f34f086cf5,1.0,0.0,6,3,12,8974.810458021238,A
broadcast,medmcqa,f19f48e2-8706-4f8b-bca5-66c3000f7b27,1.0,0.0,6,3,12,8204.820582992397,D
broadcast,medmcqa,05863ba7-3f7b-48eb-a74b-7cd2598065b4,0.0,0.0,6,3,12,7120.205957966391,D
broadcast,medmcqa,40013980-4b7a-4cc7-8c38-f2f45215bcbf,0.0,0.0,6,3,12,7280.7570829754695,C
broadcast,medmcqa,a31fa037-1f22-44a4-8d07-6457c439b685,0.0,1.0,6,3,12,22978.673582954798,"Based on the text provided, here is an answer regarding **infection by *Shewanella algae* in an immunocompetent individual**:

**Case Overview:**
The infection occurred in an individual following expo"
broadcast,medmcqa,5449783f-f56a-4761-b276-430a15e89ea7,0.0,0.0,6,3,12,7148.860540997703,D
broadcast,medmcqa,03952f72-4223-48bc-a0df-51af60400a7a,1.0,0.0,6,3,12,9121.056291041896,B
broadcast,medmcqa,7f1e6ce7-7564-47b0-9071-77daee60e4cf,0.0,0.0,6,3,12,8503.926292003598,D
broadcast,medmcqa,58d24187-ca26-4e5b-a3d9-c57ce0ff543b,1.0,0.0,6,3,12,9389.678500010632,A
broadcast,medmcqa,ca5cb321-54b4-4b5f-a507-0493c19af96f,0.0,0.0,6,3,12,51259.42620798014,"Based on the text provided, here are the answers to the implicit questions or summaries of the key findings within each excerpt:

**Excerpt [1] (Abstract Snippet):**
*   **Finding:** Among adults hosp"
broadcast,medmcqa,dd05805a-f289-42bd-8377-e0e8fdfcff8b,1.0,0.0,6,3,12,43879.05475002481,"Based on the text provided, here are the key findings and conclusions from the studies regarding medical procedures, drug testing, and hemodynamic monitoring:

**1. Hemodynamic Monitoring in Shock (St"
broadcast,medmcqa,266fb227-cdc2-42a9-817a-e42fa767e5cd,1.0,0.0,6,3,12,8592.557916999795,C
broadcast,medmcqa,bed477a6-5416-4f65-9859-e454fa02adbc,1.0,0.0,6,3,12,7887.959374987986,A
broadcast,medmcqa,a4b5e737-c930-4108-ab83-ea8881ab12ee,0.0,0.0,6,3,12,7913.344417000189,D
broadcast,medmcqa,8be32dbe-9a46-4a8a-8c08-ff89c3e78c3d,0.0,1.0,6,3,12,56948.12329101842,"Based on the text provided, here is a summary of the key points from each section:

**[6] Exhaled Breath Condensate (EBC) in Intubated Neonates**
*   **Objective:** To determine if EBC can non-invasiv"
broadcast,medmcqa,61d50780-6165-4945-ad76-ef08e193ec57,1.0,0.0,6,3,12,10634.387875034008,B
broadcast,medmcqa,8518813c-bb02-4357-94ba-ef5201c7c983,1.0,0.0,6,3,12,9050.44933303725,B
broadcast,medmcqa,240aaafe-ec41-447b-85eb-d8da168c1430,1.0,0.0,6,3,12,8422.469625016674,C
broadcast,medmcqa,5603de35-adb1-4612-a9ea-1e719e1aa879,0.0,0.0,6,3,12,39046.70287499903,"Based on the text provided, here is a summary of the key findings and conclusions from the excerpts:

**1. Influenza Outcomes in Intensive Care (IC) vs. Non-IC Patients**
*   **Demographics:** IC pati"
broadcast,medmcqa,3cbfd65a-92f2-4c67-919d-847dccb7e6d8,0.0,1.0,6,3,12,35273.22658302728,"Based on the text provided, here is the evaluation of each entry against the benchmark of a scientific or academic abstract (containing Background/Introduction, Methods, Results, and Conclusions):

* "
broadcast,medmcqa,09a97945-700d-49da-92e1-8b7c31754b56,1.0,0.0,6,3,12,8925.99258403061,B
broadcast,medmcqa,4653fb7a-ddbf-493b-b4ef-92205582a27a,0.0,0.0,6,3,12,9175.129708019085,D
broadcast,medmcqa,d5b9b2b3-09f3-41b8-89a1-232e7c61b806,1.0,0.0,6,3,12,7858.8635000051,A
broadcast,medmcqa,104140eb-9ea9-4d91-8fa2-82aebb82e8ae,0.0,0.0,6,3,12,7225.941083044745,C
broadcast,medmcqa,57ddda15-6303-4ef9-a63c-8274551717ca,1.0,0.0,6,3,12,39363.817500008736,"Based on the text provided, here are the answers regarding potent antihypertensive medications and related medical contexts found in the excerpts:

**1. Context of Potent Antihypertensive Medications "
broadcast,pubmedqa,22350859,1.0,0.0,6,3,12,9545.203124987893,A
broadcast,pubmedqa,12070552,0.0,0.0,6,3,12,55686.58425001195,"Based on the text provided, here are the answers regarding the specific medical topics discussed in the excerpts:

**1. Role of Antibiotics in Asthma Management**
Macrolide and ketolide antibiotics ma"
broadcast,pubmedqa,23412195,0.0,0.0,6,3,12,8429.365667048842,C
broadcast,pubmedqa,20605051,0.0,0.0,6,3,12,8976.117375015747,B
broadcast,pubmedqa,27643961,0.0,1.0,6,3,12,41860.84700003266,"Based on the text provided, here is a summary of the key findings from each abstract:

**[6] Sense of Coherence and Burnout Among School Psychologists**
*   **Context:** School psychologists face high"
broadcast,pubmedqa,16296668,0.0,0.0,6,3,12,49432.91625002166,"Based on the text provided, here is a summary of the key findings and conclusions from the studies presented:

**1. SMART Thrombolysis Criteria (Study [7])**
*   **Objective:** To evaluate the safety "
broadcast,pubmedqa,27642458,0.0,0.0,6,3,12,33246.03045801632,"Based on the text provided, here is a summary of the key points from each section:

*   **Hand Hygiene and Mask Research:** Hand scrubs should be promoted more vigorously. However, further research is"
broadcast,pubmedqa,26370095,1.0,0.0,6,3,12,49481.896625016816,"Based on the text provided, here is a summary of the key points from each section:

**1. Antiretroviral Therapy (ART) Adherence in Zambia**
A study conducted in Zambia evaluated an intervention involv"
broadcast,pubmedqa,22532370,0.0,0.0,6,3,12,8582.8022499918,B
broadcast,pubmedqa,25571931,0.0,0.0,6,3,12,47429.62216696469,"Based on the text provided, here are the answers to your questions regarding the studies and guidelines mentioned:

**1. Prevalence of Post-Stroke NCD (from the first excerpt):**
*   **Total prevalenc"
broadcast,pubmedqa,17274051,1.0,0.0,6,3,12,7431.827249994967,B
broadcast,pubmedqa,28359277,0.0,0.0,6,3,12,52402.947666996624,"Based on the text snippets provided, here is a synthesis of the key findings regarding healthcare economics, patient behavior, and system comparisons:

### 1. Comorbidities and Demographics in Type 2 "
broadcast,pubmedqa,10548670,0.0,0.0,6,3,12,8232.144167006481,B
broadcast,pubmedqa,17598882,1.0,0.0,6,3,12,8544.969165988732,A
broadcast,pubmedqa,24270957,0.0,0.0,6,3,12,9775.64591699047,C
broadcast,pubmedqa,23810330,1.0,0.0,6,3,12,41039.69216695987,"Based on the text provided, here is a summary of the key points from each section:

**Section [8]: Hardware vs. Software in Cognitive Computing**
*   **Context:** Insights from the IBM Smarter Computi"
broadcast,pubmedqa,19103915,0.0,0.0,6,3,12,72948.4610829968,"Based on the text provided, here is a summary of the key points for each section:

**1. Viral Surveillance via Aerosol Sampling (Singapore)**
*   **Objective:** To develop a noninvasive method for det"
broadcast,pubmedqa,16046584,0.0,0.0,6,3,12,7468.686415988486,B
broadcast,pubmedqa,23736032,1.0,0.0,6,3,12,48884.00754198665,"Based on the text provided, here is a synthesis of the key findings and conclusions from the studies and excerpts:

**1. Improving Care for Patients with Multiple Myeloma (MM)**
*   **Finding:** Patie"
broadcast,pubmedqa,23870157,1.0,0.0,6,3,12,8863.888249965385,A
broadcast,pubmedqa,20608141,0.0,0.0,6,3,12,31457.73545798147,"Based on the text provided, here is a summary of the key findings and conclusions from each section:

*   **[6] Renal Tumour Biopsy (RTB):** A systematic review indicates that RTB is safe and accurate"
broadcast,pubmedqa,22236315,0.0,1.0,6,3,12,57728.26979198726,"Based on the text provided, here is a summary of the key findings regarding Type 2 Diabetes (T2D), healthcare workforce dynamics, smoking policies, and patient-centered care frameworks:

### **1. Como"
broadcast,pubmedqa,19351635,1.0,0.0,6,3,12,9028.882792044897,C
broadcast,pubmedqa,19430778,0.0,0.0,6,3,12,9401.14116598852,B
broadcast,pubmedqa,27281318,0.0,0.0,6,3,12,8325.103332987055,B
broadcast,pubmedqa,15208005,1.0,0.0,6,3,12,35931.48770800326,"Based on the text provided, here is a summary of the available treatments and dietary approaches discussed:

**1. Target Therapies and Supportive Care**
*   **Target Therapies:** These are identified "
broadcast,pubmedqa,24245816,0.0,0.0,6,3,12,8708.05700001074,B
broadcast,pubmedqa,19481382,1.0,0.0,6,3,12,9213.055415952113,B
broadcast,pubmedqa,11481172,1.0,0.0,6,3,12,38771.43166703172,"Based on the provided text, here is a summary of the key findings regarding post-stroke cognitive dysfunction (NCD), power dynamics, video game effects, and depression-related memory issues:

**1. Pre"
broadcast,pubmedqa,24799031,1.0,0.0,6,3,12,7979.476832959335,B
broadcast,bioasq,6081af3c4e6a4cf630000008,1.0,0.0,6,3,12,7098.778458952438,A
broadcast,bioasq,5e94902f2d3121100d000012,0.0,0.0,6,3,12,7932.395540992729,B
broadcast,bioasq,6020a7391cb411341a00007e,0.0,0.0,6,3,12,8001.693875005003,B
broadcast,bioasq,5be48282133db5eb7800001b,1.0,0.0,6,3,12,9361.615125031676,A
broadcast,bioasq,601cb7a61cb411341a000026,1.0,0.0,6,3,12,8999.744041007943,A
broadcast,bioasq,601c46f61cb411341a00001d,1.0,0.0,6,3,12,57322.81420804793,"Based on the provided text, here is a summary of the key findings regarding diabetes progression, biomarkers, and treatment comparisons:

**1. ACE2 and ADAM17 in Diabetic Mice (Paragraph 6)**
In *db/d"
broadcast,bioasq,63eef9b6f36125a426000011,1.0,0.0,6,3,12,8810.141666035634,B
broadcast,bioasq,63f9cdb033942b094c000012,1.0,0.0,6,3,12,8528.420249989722,B
broadcast,bioasq,6415ca99690f196b51000019,1.0,0.0,6,3,12,7716.066166001838,A
broadcast,bioasq,620c27e93a8413c653000006,0.0,0.0,6,3,12,58505.24208397837,"Based on the text provided, here is a summary of the key findings and arguments from each excerpt:

**[6] PRRT + TMZ Combination Therapy for Neuroendocrine Tumours (NET)**
*   **Study Goal:** To ident"
broadcast,bioasq,63f9cdcc33942b094c000013,1.0,0.0,6,3,12,8483.460291987285,B
broadcast,bioasq,61f938e7882a024a10000049,1.0,0.0,6,3,12,9140.994584013242,B
broadcast,bioasq,5e4b5f566d0a277941000020,1.0,0.0,6,3,12,8125.197958026547,B
broadcast,bioasq,621e9aa13a8413c653000053,1.0,0.0,6,3,12,7050.5332089960575,A
broadcast,bioasq,5d35eb01b3a638076300000f,1.0,0.0,6,3,12,8250.507167016622,A
broadcast,bioasq,601c3f041cb411341a000018,0.0,0.0,6,3,12,9094.637917005457,B
broadcast,bioasq,622668313a8413c653000087,1.0,0.0,6,3,12,7781.105874979403,B
broadcast,bioasq,60206bae1cb411341a00007d,0.0,0.0,6,3,12,7667.609500000253,B
broadcast,bioasq,5c73ad0b7c78d69471000093,1.0,0.0,6,3,12,8985.143124999013,B
broadcast,bioasq,64178e15690f196b51000020,0.0,1.0,6,3,12,9322.414541966282,"Based on the text provided in paragraph [1], the answer is:

**9 to 125 nM** (for Genotype 1) and **87 to 925 nM** (for Genotype 2).

The text states: ""Answer (9 to 125 nM), and activity was weaker ag"
broadcast,bioasq,5e30f494fbd6abf43b000044,1.0,0.0,6,3,12,10405.225333000999,A
broadcast,bioasq,5c73ad327c78d69471000097,0.0,0.0,6,3,12,51815.69916696753,"Based on the text provided, here is a summary of the key points regarding antibody therapeutics, clinical trials, and related medical advancements:

**1. Status of Antibody Therapeutics (as of late 20"
broadcast,bioasq,6402c0d5201352f04a000008,0.0,0.0,6,3,12,18048.563792021014,"Based on the text provided, here is a summary of the key findings from the study on primary glioblastoma:

*   **Methodology:** The researchers used single-cell RNA sequencing (RNA-seq) to profile 430"
broadcast,bioasq,5e30b56efbd6abf43b000037,1.0,0.0,6,3,12,7388.634959002957,B
broadcast,bioasq,643ff48a57b1c7a31500003d,0.0,0.0,6,3,12,52228.50083297817,"Based on the text provided, here is a summary of the key findings and arguments presented in each excerpt:

**[7] Drug Testing and Addiction Logic**
*   **Drug Testing Economics:** Most employer drug "
broadcast,bioasq,63f02b50f36125a426000014,0.0,0.0,6,3,12,9047.830041963607,B
broadcast,bioasq,5c57216e07647bbc4b000018,1.0,0.0,6,3,12,47548.02175000077,"Based on the text provided, here is a summary of the key findings and conclusions from the various studies and discussions:

**1. Device-Based Therapies for Hypertension (BAT)**
*   **Current Status:*"
broadcast,bioasq,625144c9e764a53204000016,0.0,0.0,6,3,12,7885.579583991785,B
broadcast,bioasq,5e2e1017fbd6abf43b000020,1.0,0.0,6,3,12,6568.2519159745425,B
broadcast,bioasq,643c446357b1c7a31500002f,1.0,0.0,6,3,12,7480.21254199557,A
broadcast,mmlu,anatomy-013,1.0,0.0,6,3,12,5548.26349997893,B
broadcast,mmlu,college_medicine-140,0.0,0.0,6,3,12,5157.715209003072,D
broadcast,mmlu,college_biology-087,0.0,1.0,6,3,12,54264.26291599637,"Based on the text provided, here is a summary of the key points from each source:

**1. Keltner, Gruenfeld, & Anderson (2003) – ""Power and the Paradox""**
This seminal paper explores the psychological "
broadcast,mmlu,college_medicine-155,1.0,0.0,6,3,12,9173.459207988344,B
broadcast,mmlu,clinical_knowledge-254,1.0,0.0,6,3,12,7440.015958040021,D
broadcast,mmlu,anatomy-101,1.0,0.0,6,3,12,7526.551082963124,D
broadcast,mmlu,professional_medicine-176,0.0,0.0,6,3,12,9197.08733301377,A
broadcast,mmlu,professional_medicine-060,0.0,0.0,6,3,12,64030.70604195818,"Based on the text provided, here are the answers regarding the specific topics mentioned:

**1. Candesartan Cilexetil vs. Placebo and Valsartan vs. Amlodipine (VALUE Trial)**
*   **Candesartan Cilexet"
broadcast,mmlu,medical_genetics-088,1.0,0.0,6,3,12,9145.46466700267,D
broadcast,mmlu,professional_medicine-213,0.0,0.0,6,3,12,57742.46641702484,"Based on the text provided, here is a summary of the key points regarding antibiotic use, dietary interventions for Behçet's syndrome, psychological aspects of eating, HIV transmission myths, vegan nu"
broadcast,mmlu,medical_genetics-007,1.0,0.0,6,3,12,57073.96875001723,"Based on the text provided, here is a summary of the key points from each section:

**1. Oxidative Stress and Yeast Fermentation (Excerpt 5)**
*   **Problem:** Reactive Oxygen Species (ROS) are genera"
broadcast,mmlu,college_biology-028,1.0,0.0,6,3,12,8776.051916996948,A
broadcast,mmlu,clinical_knowledge-038,1.0,0.0,6,3,12,6606.360167032108,B
broadcast,mmlu,anatomy-076,1.0,0.0,6,3,12,7632.08545796806,A
broadcast,mmlu,professional_medicine-131,1.0,0.0,6,3,12,50521.332832984626,"Based on the text provided, here is a summary of the key findings and arguments presented in the excerpts:

**1. Lifestyle Intervention and Cognitive Impairment (NCT00017953)**
*   **Finding:** For ov"
broadcast,mmlu,clinical_knowledge-255,1.0,0.0,6,3,12,7403.18570897216,A
broadcast,mmlu,college_biology-054,1.0,0.0,6,3,12,8074.817167012952,D
broadcast,mmlu,anatomy-035,1.0,0.0,6,3,12,7996.485457988456,C
broadcast,mmlu,college_medicine-041,0.0,0.0,6,3,12,10138.651959015988,B
broadcast,mmlu,professional_medicine-271,0.0,0.0,6,3,12,9150.925624999218,D
broadcast,mmlu,medical_genetics-051,0.0,0.0,6,3,12,9378.518709039781,D
broadcast,mmlu,anatomy-119,1.0,0.0,6,3,12,9287.236000003759,D
broadcast,mmlu,medical_genetics-020,1.0,0.0,6,3,12,7780.217208026443,D
broadcast,mmlu,college_medicine-150,1.0,0.0,6,3,12,9102.22804103978,C
broadcast,mmlu,medical_genetics-031,1.0,0.0,6,3,12,8639.07500001369,C
broadcast,mmlu,anatomy-083,1.0,0.0,6,3,12,6795.110000006389,B
broadcast,mmlu,college_biology-011,0.0,0.0,6,3,12,7371.732916973997,B
broadcast,mmlu,college_medicine-020,0.0,0.0,6,3,12,40294.650416006334,"Based on the provided texts, here is a summary of the key findings and arguments regarding diet, metabolism, and health:

**1. Impact of Diet and Age on Metabolism (Text [5])**
*   **Study Findings:**"
broadcast,mmlu,professional_medicine-260,1.0,0.0,6,3,12,9212.896291981451,D
broadcast,mmlu,clinical_knowledge-154,1.0,0.0,6,3,12,7824.4358749943785,B
