model,condition,subset,questions,accuracy,abstained,contacts,medical_contacts,passages,generation_ms
qwen3.5:9b,closed_book,all,150,0.5466666666666666,0.006666666666666667,0.0,0.0,0.0,861.2368475079226
qwen3.5:9b,closed_book,medqa,30,0.6333333333333333,0.03333333333333333,0.0,0.0,0.0,1709.8407069318152
qwen3.5:9b,closed_book,medmcqa,30,0.6666666666666666,0.0,0.0,0.0,0.0,399.8881514378202
qwen3.5:9b,closed_book,pubmedqa,30,0.2,0.0,0.0,0.0,0.0,440.287338901544
qwen3.5:9b,closed_book,bioasq,30,0.43333333333333335,0.0,0.0,0.0,0.0,875.4322068707552
qwen3.5:9b,closed_book,mmlu,30,0.8,0.0,0.0,0.0,0.0,880.7358333976784
qwen3.5:9b,psi_cells,all,150,0.5933333333333334,0.006666666666666667,6.0,3.0,2.0,2742.1182449468565
qwen3.5:9b,psi_cells,medqa,30,0.7,0.0,6.0,3.0,2.0,3053.718815233636
qwen3.5:9b,psi_cells,medmcqa,30,0.6333333333333333,0.03333333333333333,6.0,3.0,2.0,2422.713876294438
qwen3.5:9b,psi_cells,pubmedqa,30,0.26666666666666666,0.0,6.0,3.0,2.0,2531.2645430405005
qwen3.5:9b,psi_cells,bioasq,30,0.5333333333333333,0.0,6.0,3.0,2.0,2933.2748956997725
qwen3.5:9b,psi_cells,mmlu,30,0.8333333333333334,0.0,6.0,3.0,2.0,2769.619094465937
qwen3.5:9b,blind,all,150,0.6133333333333333,0.0,6.0,3.0,2.0,2951.271905549414
qwen3.5:9b,blind,medqa,30,0.7,0.0,6.0,3.0,2.0,3326.7466750286985
qwen3.5:9b,blind,medmcqa,30,0.6666666666666666,0.0,6.0,3.0,2.0,2659.057056927122
qwen3.5:9b,blind,pubmedqa,30,0.3,0.0,6.0,3.0,2.0,2955.867133262412
qwen3.5:9b,blind,bioasq,30,0.6,0.0,6.0,3.0,2.0,2837.3222180409357
qwen3.5:9b,blind,mmlu,30,0.8,0.0,6.0,3.0,2.0,2977.366444487901
qwen3.5:9b,blind_hybrid,all,150,0.5733333333333334,0.0,6.0,3.0,2.0,3086.313380302939
qwen3.5:9b,blind_hybrid,medqa,30,0.6666666666666666,0.0,6.0,3.0,2.0,3943.007487565046
qwen3.5:9b,blind_hybrid,medmcqa,30,0.6666666666666666,0.0,6.0,3.0,2.0,3019.2805832620556
qwen3.5:9b,blind_hybrid,pubmedqa,30,0.23333333333333334,0.0,6.0,3.0,2.0,2973.968613970404
qwen3.5:9b,blind_hybrid,bioasq,30,0.5333333333333333,0.0,6.0,3.0,2.0,2738.5971346928272
qwen3.5:9b,blind_hybrid,mmlu,30,0.7666666666666667,0.0,6.0,3.0,2.0,2756.713082024362
qwen3.5:9b,broadcast,all,150,0.54,0.08,6.0,3.0,12.0,21771.161326921236
qwen3.5:9b,broadcast,medqa,30,0.4,0.16666666666666666,6.0,3.0,12.0,31958.102051368525
qwen3.5:9b,broadcast,medmcqa,30,0.6,0.1,6.0,3.0,12.0,16974.728273474222
qwen3.5:9b,broadcast,pubmedqa,30,0.4,0.06666666666666667,6.0,3.0,12.0,26493.609865230974
qwen3.5:9b,broadcast,bioasq,30,0.6333333333333333,0.03333333333333333,6.0,3.0,12.0,16153.167850064347
qwen3.5:9b,broadcast,mmlu,30,0.6666666666666666,0.03333333333333333,6.0,3.0,12.0,17276.198594468104
