part,split,condition,overall_recall,injected,ms_per_doc,recall_ACCOUNT,recall_ADDRESS,recall_AGE_OVER_89,recall_CLINICIAN,recall_DATE,recall_DATE_PARTIAL,recall_DEVICE,recall_EMAIL,recall_FAX,recall_HEALTH_PLAN,recall_INSTITUTION,recall_IP,recall_LICENSE,recall_MRN,recall_PATIENT_NAME,recall_PHONE,recall_POSTCODE,recall_RELATIVE,recall_RESIDENCE,recall_SSN_NIC,recall_URL,recall_VEHICLE,docs,docs_altered,placeholders_per_1000_words,placeholders_by_type,pmc_queries,centralized_mrr,per_query_mrr
recall,dev,basic,0.5683333333333334,2400,0.8678657300060877,1.0,0.9827586206896551,1.0,0.5,1.0,0.0,0.0,1.0,1.0,0.0,0.0,1.0,0.0,1.0,0.19741100323624594,1.0,0.0,0.9794520547945206,0.0,1.0,1.0,0.0,,,,,,,
recall,dev,basic + NER,0.6183333333333334,2400,49.52652239499912,1.0,0.7241379310344828,1.0,0.5081967213114754,1.0,0.0,0.0,1.0,1.0,0.0,0.0,1.0,0.0,1.0,0.6245954692556634,1.0,0.0,0.9931506849315068,0.0,1.0,1.0,0.0,,,,,,,
recall,dev,safe_harbor,1.0,2400,1.704133022503811,1.0,1.0,1.0,1.0,1.0,1.0,1.0,1.0,1.0,1.0,1.0,1.0,1.0,1.0,1.0,1.0,1.0,1.0,1.0,1.0,1.0,1.0,,,,,,,
recall,dev,safe_harbor + NER,1.0,2400,48.26361041749806,1.0,1.0,1.0,1.0,1.0,1.0,1.0,1.0,1.0,1.0,1.0,1.0,1.0,1.0,1.0,1.0,1.0,1.0,1.0,1.0,1.0,1.0,,,,,,,
recall,dev,safe_harbor + NER + registry,1.0,2400,48.58645656250701,1.0,1.0,1.0,1.0,1.0,1.0,1.0,1.0,1.0,1.0,1.0,1.0,1.0,1.0,1.0,1.0,1.0,1.0,1.0,1.0,1.0,1.0,,,,,,,
recall,test,basic,0.45458333333333334,2400,0.7881793749947974,0.0,0.9239130434782609,1.0,0.3291925465838509,1.0,0.0,0.0,1.0,1.0,1.0,0.0,1.0,0.0,0.5306122448979591,0.1578947368421053,1.0,0.0,0.9010989010989011,0.0,0.9090909090909091,1.0,0.0,,,,,,,
recall,test,basic + NER,0.5279166666666666,2400,48.55190791499808,0.0,0.7608695652173914,1.0,0.6583850931677019,1.0,0.0,0.0,1.0,1.0,1.0,0.038461538461538436,1.0,0.0,0.5306122448979591,0.6428571428571428,1.0,0.0,0.945054945054945,0.0,0.9090909090909091,1.0,0.0,,,,,,,
recall,test,safe_harbor,1.0,2400,1.7164168749968667,1.0,1.0,1.0,1.0,1.0,1.0,1.0,1.0,1.0,1.0,1.0,1.0,1.0,1.0,1.0,1.0,1.0,1.0,1.0,1.0,1.0,1.0,,,,,,,
recall,test,safe_harbor + NER,1.0,2400,51.778025415005686,1.0,1.0,1.0,1.0,1.0,1.0,1.0,1.0,1.0,1.0,1.0,1.0,1.0,1.0,1.0,1.0,1.0,1.0,1.0,1.0,1.0,1.0,,,,,,,
recall,test,safe_harbor + NER + registry,1.0,2400,49.13553687500098,1.0,1.0,1.0,1.0,1.0,1.0,1.0,1.0,1.0,1.0,1.0,1.0,1.0,1.0,1.0,1.0,1.0,1.0,1.0,1.0,1.0,1.0,,,,,,,
recall,test2,basic,0.39,2400,0.8076881249962753,0.4298245614035088,0.9,0.4252873563218391,0.5280898876404494,0.5405405405405406,0.0,0.0,1.0,1.0,0.6421052631578947,0.0,1.0,0.0,0.675,0.0,1.0,0.0,0.9340659340659341,0.0,1.0,1.0,0.010752688172043001,,,,,,,
recall,test2,basic + NER,0.45875,2400,47.63953323000351,0.4298245614035088,0.49,0.4252873563218391,0.8764044943820225,0.5405405405405406,0.0,0.0,1.0,1.0,0.6421052631578947,0.0,1.0,0.0,0.675,0.6812749003984064,1.0,0.0,0.978021978021978,0.0,1.0,1.0,0.010752688172043001,,,,,,,
recall,test2,safe_harbor,0.8320833333333333,2400,1.690982915006316,1.0,0.96,0.4252873563218391,1.0,0.5405405405405406,1.0,0.43434343434343436,1.0,1.0,1.0,0.6729559748427674,1.0,1.0,1.0,0.8047808764940239,1.0,1.0,1.0,0.4690721649484536,1.0,1.0,0.5913978494623655,,,,,,,
recall,test2,safe_harbor + NER,0.8320833333333333,2400,47.8331941650049,1.0,0.96,0.4252873563218391,1.0,0.5405405405405406,1.0,0.43434343434343436,1.0,1.0,1.0,0.6729559748427674,1.0,1.0,1.0,0.8047808764940239,1.0,1.0,1.0,0.4690721649484536,1.0,1.0,0.5913978494623655,,,,,,,
recall,test2,safe_harbor + NER + registry,0.8525,2400,48.19263375000446,1.0,0.96,0.4252873563218391,1.0,0.5405405405405406,1.0,0.43434343434343436,1.0,1.0,1.0,0.6729559748427674,1.0,1.0,1.0,1.0,1.0,1.0,1.0,0.4690721649484536,1.0,1.0,0.5913978494623655,,,,,,,
clean_cost,,basic,,,,,,,,,,,,,,,,,,,,,,,,,,1000,0.045,0.3122904198514317,"{""DATE"": 80, ""AGE"": 10, ""NAME"": 3, ""AST"": 2, ""ALT"": 2, ""DB"": 1, ""IB"": 1, ""LV"": 1, ""RI"": 1, ""ID"": 1, ""LDH"": 1, ""E"": 1, ""V"": 1, ""M"": 1, ""HR"": 1, ""VC"": 1, ""FVC"": 1, ""DLCO"": 1, ""BMI"": 1, ""VAS"": 1, ""ONLS"": 1, ""TSH"": 1, ""RR"": 1, ""MIC"": 1, ""OS"": 1, ""TB"": 1, ""PHONE"": 1, ""IP"": 1, ""INH"": 1, ""MAPK"": 1}",,,
clean_cost,,basic + NER,,,,,,,,,,,,,,,,,,,,,,,,,,1000,0.138,0.6220210821630975,"{""NAME"": 124, ""DATE"": 80, ""AGE"": 10, ""AST"": 2, ""ALT"": 2, ""DB"": 1, ""IB"": 1, ""LV"": 1, ""RI"": 1, ""ID"": 1, ""LDH"": 1, ""E"": 1, ""V"": 1, ""M"": 1, ""HR"": 1, ""VC"": 1, ""FVC"": 1, ""DLCO"": 1, ""BMI"": 1, ""VAS"": 1, ""ONLS"": 1, ""TSH"": 1, ""RR"": 1, ""MIC"": 1, ""OS"": 1, ""TB"": 1, ""PHONE"": 1, ""IP"": 1, ""INH"": 1, ""MAPK"": 1}",,,
clean_cost,,safe_harbor,,,,,,,,,,,,,,,,,,,,,,,,,,1000,0.241,1.5793704020355193,"{""DATE"": 315, ""NAME"": 129, ""ORGANIZATION"": 82, ""LOCATION"": 52, ""AGE"": 10, ""AST"": 2, ""ALT"": 2, ""DB"": 1, ""IB"": 1, ""LV"": 1, ""RI"": 1, ""ID"": 1, ""LDH"": 1, ""E"": 1, ""V"": 1, ""M"": 1, ""HR"": 1, ""VC"": 1, ""FVC"": 1, ""DLCO"": 1, ""BMI"": 1, ""VAS"": 1, ""ONLS"": 1, ""TSH"": 1, ""RR"": 1, ""MIC"": 1, ""OS"": 1, ""TB"": 1, ""PHONE"": 1, ""IP"": 1, ""INH"": 1, ""MAPK"": 1}",,,
clean_cost,,safe_harbor + NER,,,,,,,,,,,,,,,,,,,,,,,,,,1000,0.289,1.8430254286314,"{""DATE"": 315, ""NAME"": 232, ""ORGANIZATION"": 82, ""LOCATION"": 52, ""AGE"": 10, ""AST"": 2, ""ALT"": 2, ""DB"": 1, ""IB"": 1, ""LV"": 1, ""RI"": 1, ""ID"": 1, ""LDH"": 1, ""E"": 1, ""V"": 1, ""M"": 1, ""HR"": 1, ""VC"": 1, ""FVC"": 1, ""DLCO"": 1, ""BMI"": 1, ""VAS"": 1, ""ONLS"": 1, ""TSH"": 1, ""RR"": 1, ""MIC"": 1, ""OS"": 1, ""TB"": 1, ""PHONE"": 1, ""IP"": 1, ""INH"": 1, ""MAPK"": 1}",,,
retrieval,,raw,,,,,,,,,,,,,,,,,,,,,,,,,,,,,,986,0.4433276184036833,"[0.0, 0.0, 0.125, 0.0, 1.0, 0.0, 0.0, 0.0, 0.5, 0.125, 0.2, 1.0, 1.0, 0.2, 1.0, 1.0, 1.0, 1.0, 1.0, 0.5, 0.0, 1.0, 1.0, 0.0, 0.5, 1.0, 0.0, 1.0, 1.0, 0.0, 1.0, 0.0, 0.0, 0.1429, 0.0, 1.0, 0.5, 0.5, 1.0, 1.0, 1.0, 1.0, 0.0, 0.1111, 1.0, 0.0, 1.0, 0.25, 0.0, 1.0, 0.0, 1.0, 1.0, 0.0, 0.0, 0.5, 1.0, 0.3333, 0.0, 0.1429, 0.0, 1.0, 0.0, 1.0, 1.0, 0.1667, 0.5, 1.0, 0.0, 0.25, 1.0, 0.1429, 0.0, 1.0, 0.3333, 1.0, 0.0, 0.25, 0.0, 0.1667, 0.0, 0.0, 0.125, 1.0, 0.3333, 0.0, 0.5, 1.0, 1.0, 1.0, 1.0, 0.1, 0.5, 0.125, 1.0, 0.1667, 1.0, 0.0, 0.1429, 0.1667, 1.0, 0.5, 0.125, 0.0, 0.5, 0.5, 1.0, 0.0, 0.3333, 0.1429, 0.0, 1.0, 0.5, 0.0, 0.25, 1.0, 1.0, 0.25, 1.0, 0.5, 1.0, 0.5, 0.0, 1.0, 0.3333, 0.0, 0.1111, 1.0, 0.0, 1.0, 0.25, 1.0, 0.0, 0.125, 1.0, 0.0, 0.0, 0.0, 0.3333, 1.0, 0.0, 0.5, 0.2, 1.0, 0.0, 0.5, 0.1667, 1.0, 1.0, 1.0, 1.0, 0.5, 1.0, 0.5, 1.0, 0.25, 1.0, 0.1111, 0.1667, 0.1111, 1.0, 0.0, 0.25, 1.0, 1.0, 1.0, 1.0, 0.0, 0.0, 1.0, 1.0, 1.0, 0.25, 0.0, 0.0, 0.0, 1.0, 0.0, 0.0, 0.0, 0.25, 0.0, 0.125, 1.0, 0.5, 1.0, 0.0, 0.1, 0.5, 1.0, 1.0, 0.0, 1.0, 0.0, 1.0, 1.0, 0.5, 0.3333, 0.3333, 1.0, 0.25, 0.0, 0.0, 0.3333, 0.0, 0.0, 1.0, 0.0, 0.0, 0.0, 0.0, 0.5, 0.0, 0.0, 1.0, 0.0, 0.0, 0.1667, 0.0, 0.2, 0.1, 1.0, 1.0, 0.0, 0.0, 0.0, 1.0, 0.0, 0.5, 0.0, 1.0, 1.0, 1.0, 0.0, 0.0, 1.0, 0.1667, 0.0, 0.0, 0.0, 1.0, 0.0, 0.5, 1.0, 1.0, 0.0, 0.0, 0.2, 1.0, 0.0, 1.0, 1.0, 1.0, 0.5, 1.0, 1.0, 0.0, 0.5, 1.0, 0.0, 1.0, 0.0, 0.0, 1.0, 0.5, 0.5, 0.1111, 0.0, 0.1429, 0.0, 1.0, 0.0, 1.0, 1.0, 1.0, 1.0, 0.0, 1.0, 0.3333, 1.0, 0.5, 0.25, 1.0, 0.0, 0.0, 1.0, 0.0, 0.1667, 0.1429, 0.1667, 0.0, 1.0, 0.0, 0.0, 0.5, 1.0, 0.3333, 0.2, 0.2, 1.0, 0.3333, 1.0, 1.0, 0.5, 0.125, 1.0, 1.0, 0.0, 0.2, 0.2, 0.5, 0.0, 0.0, 0.5, 0.0, 0.0, 0.0, 1.0, 0.0, 0.0, 0.3333, 0.2, 0.25, 0.0, 1.0, 0.0, 0.0, 0.0, 1.0, 1.0, 1.0, 1.0, 1.0, 0.3333, 0.0, 0.5, 0.0, 0.0, 1.0, 0.5, 0.0, 0.3333, 0.0, 0.25, 0.3333, 0.125, 0.1111, 1.0, 1.0, 0.0, 1.0, 0.0, 0.1667, 0.2, 0.0, 1.0, 0.1667, 0.0, 1.0, 0.0, 1.0, 0.125, 1.0, 0.0, 0.0, 0.0, 0.0, 0.0, 1.0, 0.0, 1.0, 0.0, 1.0, 0.5, 0.0, 1.0, 0.0, 0.0, 0.0, 1.0, 0.25, 1.0, 1.0, 1.0, 1.0, 1.0, 0.0, 1.0, 1.0, 1.0, 0.1111, 0.0, 0.25, 1.0, 0.0, 1.0, 0.1429, 0.125, 1.0, 0.0, 1.0, 1.0, 0.0, 1.0, 0.0, 0.25, 0.0, 0.5, 1.0, 1.0, 0.0, 0.5, 1.0, 1.0, 0.1, 1.0, 1.0, 1.0, 0.0, 0.0, 1.0, 0.0, 0.1, 0.5, 0.0, 1.0, 1.0, 1.0, 0.5, 1.0, 0.0, 1.0, 1.0, 1.0, 0.5, 1.0, 0.5, 1.0, 0.0, 0.0, 0.1667, 0.2, 1.0, 0.1667, 0.25, 0.0, 0.0, 1.0, 0.0, 0.0, 0.25, 0.0, 0.5, 0.0, 0.0, 0.0, 1.0, 1.0, 0.0, 1.0, 0.1, 1.0, 0.0, 0.5, 0.2, 0.0, 1.0, 1.0, 1.0, 1.0, 1.0, 1.0, 0.2, 0.0, 1.0, 1.0, 1.0, 1.0, 0.1667, 1.0, 0.0, 0.5, 1.0, 1.0, 0.0, 0.1, 1.0, 0.125, 0.0, 0.0, 0.0, 0.0, 0.3333, 1.0, 0.5, 1.0, 1.0, 1.0, 1.0, 0.0, 0.5, 1.0, 0.5, 0.0, 0.0, 1.0, 0.0, 0.5, 0.0, 1.0, 0.0, 0.5, 0.0, 0.0, 0.0, 0.0, 0.3333, 0.1, 0.0, 1.0, 0.5, 0.3333, 1.0, 0.0, 1.0, 0.0, 1.0, 1.0, 0.0, 1.0, 0.0, 0.5, 1.0, 1.0, 0.0, 0.3333, 0.0, 0.0, 0.0, 0.25, 0.3333, 0.0, 0.0, 0.0, 1.0, 0.3333, 1.0, 1.0, 1.0, 1.0, 0.3333, 0.25, 0.0, 0.3333, 0.0, 0.0, 1.0, 0.0, 1.0, 1.0, 1.0, 0.0, 1.0, 0.0, 0.0, 0.1111, 1.0, 0.0, 0.2, 1.0, 0.25, 1.0, 0.0, 0.25, 0.3333, 0.1429, 1.0, 1.0, 0.0, 0.5, 1.0, 1.0, 0.2, 1.0, 0.5, 1.0, 0.0, 0.5, 0.25, 1.0, 0.0, 0.0, 0.0, 0.125, 0.5, 1.0, 0.0, 0.0, 1.0, 1.0, 1.0, 1.0, 0.0, 0.5, 0.0, 0.5, 0.0, 0.125, 0.125, 0.3333, 1.0, 0.0, 0.1429, 0.3333, 0.1429, 0.0, 0.1, 0.2, 0.0, 1.0, 1.0, 0.0, 0.25, 1.0, 0.0, 0.0, 0.0, 1.0, 0.25, 0.1111, 0.2, 0.3333, 0.0, 0.5, 1.0, 0.25, 0.5, 1.0, 1.0, 0.5, 1.0, 0.1, 0.0, 0.0, 0.125, 0.0, 1.0, 0.1, 1.0, 0.0, 1.0, 0.25, 1.0, 1.0, 0.0, 0.3333, 0.0, 0.0, 1.0, 0.3333, 1.0, 0.5, 0.5, 0.0, 0.0, 1.0, 0.0, 0.0, 0.25, 0.1, 0.5, 1.0, 0.0, 0.0, 0.0, 0.5, 1.0, 0.125, 0.5, 0.0, 1.0, 0.2, 0.0, 0.0, 0.5, 0.3333, 1.0, 0.0, 1.0, 0.5, 0.25, 0.0, 0.3333, 0.0, 1.0, 1.0, 1.0, 0.0, 1.0, 0.0, 0.0, 1.0, 1.0, 0.0, 1.0, 0.0, 1.0, 0.2, 0.0, 0.5, 0.0, 0.0, 0.0, 0.0, 1.0, 0.125, 1.0, 0.0, 1.0, 1.0, 0.3333, 0.0, 1.0, 0.0, 0.5, 0.0, 0.0, 0.0, 0.0, 1.0, 0.5, 0.3333, 1.0, 0.3333, 0.0, 1.0, 0.0, 1.0, 0.0, 1.0, 0.3333, 0.0, 0.5, 0.0, 1.0, 0.0, 0.0, 0.3333, 1.0, 0.0, 0.0, 1.0, 0.0, 1.0, 0.1, 0.5, 0.0, 0.0, 1.0, 0.0, 1.0, 0.0, 0.0, 1.0, 1.0, 0.0, 0.1111, 0.0, 0.0, 0.0, 1.0, 0.0, 0.1667, 0.0, 0.1667, 0.1667, 1.0, 1.0, 1.0, 0.25, 1.0, 0.5, 0.25, 0.2, 0.5, 0.0, 1.0, 0.0, 0.3333, 1.0, 0.5, 0.0, 0.3333, 1.0, 1.0, 0.1111, 0.2, 1.0, 1.0, 0.3333, 0.0, 1.0, 0.5, 0.2, 1.0, 1.0, 1.0, 0.0, 1.0, 1.0, 0.0, 0.25, 0.0, 0.0, 1.0, 0.0, 0.0, 0.5, 0.1667, 1.0, 1.0, 1.0, 0.1667, 1.0, 0.0, 0.0, 0.3333, 0.0, 1.0, 0.3333, 0.0, 0.0, 1.0, 0.0, 0.2, 0.0, 0.0, 0.0, 0.5, 0.0, 0.3333, 1.0, 0.3333, 0.0, 1.0, 1.0, 0.1111, 1.0, 0.0, 0.2, 1.0, 0.5, 0.1667, 1.0, 0.3333, 0.0, 0.0, 0.5, 1.0, 0.5, 0.5, 0.2, 0.1111, 0.1429, 1.0, 0.1667, 0.25, 0.0, 0.0, 1.0, 0.0, 0.3333, 0.0, 0.5, 0.0, 1.0, 0.2, 1.0, 0.1667, 0.0, 0.1429, 0.0, 1.0, 1.0, 0.0, 0.3333, 1.0, 1.0, 1.0, 0.1667, 1.0, 0.5, 0.25, 0.5, 1.0, 0.0, 0.0, 0.0, 0.5, 0.0, 0.0, 0.0, 1.0, 1.0, 1.0, 1.0, 0.125, 0.3333, 0.3333, 0.0, 1.0, 0.0, 0.3333, 1.0, 1.0, 1.0, 0.0, 1.0, 0.0, 0.1667, 0.0, 0.0, 0.0, 0.1111, 0.0, 0.0, 1.0, 1.0, 1.0, 0.2, 0.0, 0.0, 0.0, 1.0, 1.0, 0.1667, 1.0, 0.0, 0.0, 1.0, 0.0, 1.0, 0.25, 1.0, 0.0, 0.1667, 0.5, 0.2, 0.0, 0.0, 0.1, 0.2, 1.0, 1.0, 0.0, 1.0, 0.0, 0.0, 0.0, 0.2, 0.5, 0.0, 0.3333, 0.0, 1.0, 0.5, 1.0, 0.2, 0.2, 0.0, 0.0, 1.0, 0.0, 0.0, 1.0, 1.0, 0.3333, 1.0, 0.1667, 1.0, 1.0, 1.0, 0.5, 0.0, 0.0, 0.3333]"
retrieval,,basic + NER,,,,,,,,,,,,,,,,,,,,,,,,,,,,,,986,0.44325235841463023,"[0.0, 0.0, 0.125, 0.0, 1.0, 0.0, 0.0, 0.0, 0.5, 0.125, 0.2, 1.0, 1.0, 0.2, 1.0, 1.0, 1.0, 1.0, 1.0, 0.5, 0.0, 1.0, 1.0, 0.0, 0.5, 1.0, 0.0, 1.0, 1.0, 0.0, 1.0, 0.0, 0.0, 0.1429, 0.0, 1.0, 0.5, 0.5, 1.0, 1.0, 1.0, 1.0, 0.0, 0.1429, 1.0, 0.0, 1.0, 0.25, 0.0, 1.0, 0.0, 1.0, 1.0, 0.0, 0.0, 0.5, 1.0, 0.3333, 0.0, 0.1429, 0.0, 1.0, 0.0, 1.0, 1.0, 0.1667, 0.5, 1.0, 0.0, 0.25, 1.0, 0.1429, 0.0, 1.0, 0.3333, 1.0, 0.0, 0.25, 0.0, 0.1667, 0.0, 0.0, 0.1429, 1.0, 0.3333, 0.0, 0.5, 1.0, 1.0, 1.0, 1.0, 0.1, 0.5, 0.125, 1.0, 0.1667, 1.0, 0.0, 0.1429, 0.1667, 1.0, 1.0, 0.125, 0.0, 0.5, 0.5, 1.0, 0.0, 0.3333, 0.1429, 0.0, 1.0, 0.5, 0.0, 0.3333, 1.0, 1.0, 0.3333, 1.0, 0.5, 1.0, 0.5, 0.0, 1.0, 0.3333, 0.0, 0.1111, 1.0, 0.0, 1.0, 0.25, 1.0, 0.0, 0.125, 1.0, 0.0, 0.0, 0.0, 0.3333, 0.5, 0.0, 0.5, 0.2, 1.0, 0.0, 0.5, 0.1667, 1.0, 1.0, 1.0, 1.0, 0.5, 1.0, 0.5, 1.0, 0.25, 1.0, 0.1111, 0.1667, 0.1111, 1.0, 0.0, 0.25, 1.0, 1.0, 1.0, 1.0, 0.0, 0.0, 1.0, 1.0, 1.0, 0.25, 0.0, 0.0, 0.0, 1.0, 0.0, 0.0, 0.0, 0.25, 0.0, 0.125, 1.0, 0.5, 1.0, 0.0, 0.1, 0.5, 1.0, 1.0, 0.0, 1.0, 0.0, 1.0, 1.0, 0.5, 0.3333, 0.3333, 1.0, 0.25, 0.0, 0.0, 0.3333, 0.0, 0.0, 1.0, 0.0, 0.0, 0.0, 0.0, 0.5, 0.0, 0.0, 1.0, 0.0, 0.0, 0.1667, 0.0, 0.2, 0.1, 1.0, 1.0, 0.0, 0.0, 0.0, 1.0, 0.0, 0.5, 0.0, 1.0, 1.0, 1.0, 0.1, 0.0, 1.0, 0.1667, 0.0, 0.0, 0.0, 1.0, 0.0, 0.5, 1.0, 1.0, 0.0, 0.0, 0.2, 1.0, 0.0, 1.0, 1.0, 1.0, 0.5, 1.0, 1.0, 0.0, 0.5, 1.0, 0.0, 1.0, 0.0, 0.0, 1.0, 0.5, 0.5, 0.1111, 0.0, 0.125, 0.0, 1.0, 0.0, 1.0, 1.0, 1.0, 1.0, 0.0, 1.0, 0.3333, 1.0, 0.5, 0.25, 1.0, 0.0, 0.0, 1.0, 0.0, 0.25, 0.1429, 0.1667, 0.0, 1.0, 0.0, 0.0, 0.5, 1.0, 0.3333, 0.2, 0.2, 1.0, 0.3333, 1.0, 1.0, 0.5, 0.125, 1.0, 1.0, 0.0, 0.2, 0.2, 0.5, 0.0, 0.0, 0.5, 0.0, 0.0, 0.0, 1.0, 0.0, 0.0, 0.3333, 0.2, 0.25, 0.0, 1.0, 0.0, 0.0, 0.0, 1.0, 1.0, 1.0, 1.0, 1.0, 0.3333, 0.0, 0.5, 0.0, 0.0, 1.0, 0.5, 0.0, 0.3333, 0.0, 0.25, 0.3333, 0.125, 0.1111, 1.0, 1.0, 0.0, 1.0, 0.0, 0.0, 0.2, 0.0, 1.0, 0.2, 0.0, 1.0, 0.0, 1.0, 0.125, 1.0, 0.0, 0.0, 0.0, 0.0, 0.0, 1.0, 0.0, 1.0, 0.0, 1.0, 0.5, 0.0, 1.0, 0.0, 0.0, 0.0, 1.0, 0.25, 1.0, 1.0, 1.0, 1.0, 1.0, 0.0, 1.0, 1.0, 1.0, 0.1111, 0.0, 0.25, 1.0, 0.0, 1.0, 0.1429, 0.1111, 1.0, 0.0, 1.0, 1.0, 0.0, 1.0, 0.0, 0.3333, 0.0, 0.5, 1.0, 1.0, 0.0, 0.5, 1.0, 1.0, 0.1, 1.0, 1.0, 1.0, 0.0, 0.1, 1.0, 0.0, 0.1, 0.5, 0.0, 1.0, 1.0, 1.0, 0.5, 1.0, 0.0, 1.0, 1.0, 1.0, 0.5, 1.0, 0.5, 1.0, 0.0, 0.0, 0.1667, 0.2, 1.0, 0.1667, 0.25, 0.0, 0.0, 1.0, 0.0, 0.0, 0.25, 0.0, 0.5, 0.0, 0.0, 0.0, 1.0, 1.0, 0.0, 1.0, 0.1, 1.0, 0.0, 0.5, 0.2, 0.0, 1.0, 1.0, 1.0, 1.0, 1.0, 1.0, 0.2, 0.0, 1.0, 1.0, 1.0, 1.0, 0.1667, 1.0, 0.0, 0.5, 1.0, 1.0, 0.0, 0.1111, 1.0, 0.125, 0.0, 0.0, 0.0, 0.0, 0.3333, 1.0, 0.5, 1.0, 1.0, 1.0, 1.0, 0.0, 0.5, 1.0, 0.5, 0.0, 0.0, 1.0, 0.0, 0.5, 0.0, 1.0, 0.0, 0.5, 0.0, 0.0, 0.0, 0.0, 0.3333, 0.0, 0.0, 1.0, 0.5, 0.25, 1.0, 0.0, 1.0, 0.0, 1.0, 1.0, 0.0, 1.0, 0.0, 0.5, 1.0, 1.0, 0.0, 0.3333, 0.0, 0.0, 0.0, 0.25, 0.5, 0.0, 0.0, 0.0, 1.0, 0.3333, 1.0, 1.0, 1.0, 1.0, 0.3333, 0.25, 0.0, 0.3333, 0.0, 0.0, 1.0, 0.0, 1.0, 1.0, 1.0, 0.0, 1.0, 0.0, 0.0, 0.1111, 1.0, 0.0, 0.2, 1.0, 0.25, 1.0, 0.0, 0.1429, 0.25, 0.1429, 1.0, 1.0, 0.0, 0.5, 1.0, 1.0, 0.2, 1.0, 0.5, 1.0, 0.0, 0.5, 0.25, 1.0, 0.0, 0.0, 0.0, 0.125, 0.5, 1.0, 0.0, 0.0, 1.0, 1.0, 1.0, 1.0, 0.0, 0.5, 0.0, 0.5, 0.0, 0.125, 0.1111, 0.3333, 1.0, 0.0, 0.1429, 0.3333, 0.1429, 0.0, 0.1, 0.2, 0.0, 1.0, 1.0, 0.0, 0.25, 1.0, 0.0, 0.0, 0.0, 1.0, 0.25, 0.1111, 0.2, 0.3333, 0.0, 0.5, 1.0, 0.25, 0.5, 1.0, 1.0, 0.5, 1.0, 0.1, 0.0, 0.0, 0.1667, 0.0, 1.0, 0.1, 1.0, 0.0, 1.0, 0.25, 1.0, 1.0, 0.0, 0.3333, 0.0, 0.0, 1.0, 0.3333, 1.0, 0.5, 0.5, 0.0, 0.0, 1.0, 0.0, 0.0, 0.25, 0.1, 0.5, 1.0, 0.0, 0.0, 0.0, 0.5, 1.0, 0.125, 0.5, 0.0, 1.0, 0.2, 0.0, 0.0, 0.5, 0.3333, 1.0, 0.0, 1.0, 0.5, 0.25, 0.0, 0.3333, 0.0, 1.0, 1.0, 1.0, 0.0, 1.0, 0.0, 0.0, 1.0, 1.0, 0.0, 1.0, 0.0, 1.0, 0.2, 0.0, 0.5, 0.0, 0.0, 0.0, 0.0, 1.0, 0.125, 1.0, 0.0, 1.0, 1.0, 0.3333, 0.0, 1.0, 0.0, 0.5, 0.0, 0.0, 0.1667, 0.0, 1.0, 0.5, 0.3333, 1.0, 0.3333, 0.0, 1.0, 0.0, 1.0, 0.0, 1.0, 0.3333, 0.0, 0.5, 0.0, 1.0, 0.0, 0.0, 0.3333, 1.0, 0.0, 0.0, 1.0, 0.0, 1.0, 0.1, 0.5, 0.0, 0.0, 1.0, 0.0, 1.0, 0.0, 0.0, 1.0, 1.0, 0.0, 0.1111, 0.0, 0.0, 0.0, 1.0, 0.0, 0.1667, 0.0, 0.1667, 0.1667, 1.0, 1.0, 1.0, 0.25, 1.0, 0.5, 0.25, 0.2, 0.5, 0.0, 1.0, 0.0, 0.3333, 1.0, 0.5, 0.0, 0.25, 1.0, 1.0, 0.1111, 0.2, 1.0, 1.0, 0.3333, 0.0, 1.0, 0.3333, 0.2, 1.0, 1.0, 1.0, 0.0, 1.0, 1.0, 0.0, 0.25, 0.0, 0.0, 1.0, 0.0, 0.0, 0.5, 0.1667, 1.0, 1.0, 1.0, 0.1667, 1.0, 0.0, 0.0, 0.3333, 0.0, 1.0, 0.3333, 0.0, 0.0, 1.0, 0.0, 0.2, 0.0, 0.0, 0.0, 0.5, 0.0, 0.3333, 1.0, 0.3333, 0.0, 1.0, 1.0, 0.1111, 1.0, 0.0, 0.2, 1.0, 0.5, 0.1667, 1.0, 0.3333, 0.0, 0.0, 0.5, 1.0, 0.5, 0.5, 0.2, 0.1111, 0.1429, 1.0, 0.1667, 0.25, 0.0, 0.0, 1.0, 0.0, 0.3333, 0.0, 0.5, 0.0, 1.0, 0.2, 1.0, 0.1429, 0.0, 0.2, 0.0, 1.0, 1.0, 0.0, 0.3333, 1.0, 1.0, 1.0, 0.1667, 1.0, 0.5, 0.3333, 0.5, 1.0, 0.0, 0.0, 0.0, 1.0, 0.0, 0.0, 0.0, 1.0, 1.0, 1.0, 1.0, 0.125, 0.3333, 0.3333, 0.0, 1.0, 0.0, 0.3333, 1.0, 1.0, 1.0, 0.0, 1.0, 0.0, 0.1667, 0.0, 0.0, 0.0, 0.1111, 0.0, 0.0, 1.0, 1.0, 1.0, 0.2, 0.0, 0.0, 0.0, 1.0, 1.0, 0.1667, 1.0, 0.0, 0.0, 1.0, 0.0, 1.0, 0.25, 1.0, 0.0, 0.1429, 0.5, 0.2, 0.0, 0.0, 0.1, 0.2, 1.0, 1.0, 0.0, 1.0, 0.0, 0.0, 0.0, 0.2, 0.5, 0.0, 0.3333, 0.0, 1.0, 0.5, 1.0, 0.2, 0.2, 0.0, 0.0, 0.5, 0.0, 0.0, 1.0, 1.0, 0.5, 1.0, 0.1667, 1.0, 0.5, 1.0, 0.5, 0.0, 0.0, 0.3333]"
retrieval,,safe_harbor + NER,,,,,,,,,,,,,,,,,,,,,,,,,,,,,,986,0.4400580347081361,"[0.0, 0.0, 0.125, 0.0, 1.0, 0.0, 0.0, 0.0, 0.5, 0.0, 0.2, 1.0, 1.0, 0.1667, 1.0, 1.0, 1.0, 1.0, 1.0, 0.5, 0.0, 1.0, 1.0, 0.0, 0.2, 1.0, 0.0, 1.0, 1.0, 0.0, 1.0, 0.0, 0.0, 0.1429, 0.0, 1.0, 0.5, 0.5, 1.0, 1.0, 1.0, 1.0, 0.0, 0.1429, 1.0, 0.0, 1.0, 0.25, 0.0, 1.0, 0.0, 1.0, 1.0, 0.0, 0.0, 0.5, 1.0, 0.3333, 0.0, 0.1429, 0.0, 1.0, 0.0, 1.0, 1.0, 0.1667, 0.5, 1.0, 0.0, 0.3333, 1.0, 0.1429, 0.0, 1.0, 0.3333, 1.0, 0.0, 0.25, 0.0, 0.1667, 0.0, 0.0, 0.1429, 1.0, 0.3333, 0.0, 0.5, 1.0, 1.0, 1.0, 1.0, 0.1111, 0.5, 0.1429, 0.5, 0.1667, 1.0, 0.0, 0.1429, 0.2, 1.0, 1.0, 0.125, 0.0, 0.5, 0.5, 1.0, 0.0, 0.3333, 0.1429, 0.0, 1.0, 1.0, 0.1, 0.3333, 1.0, 1.0, 0.2, 1.0, 0.5, 1.0, 0.5, 0.0, 1.0, 0.3333, 0.0, 0.125, 1.0, 0.0, 1.0, 0.25, 1.0, 0.0, 0.125, 1.0, 0.1111, 0.0, 0.0, 0.3333, 0.5, 0.0, 0.5, 0.2, 1.0, 0.0, 0.5, 0.1, 1.0, 1.0, 1.0, 1.0, 0.5, 1.0, 1.0, 1.0, 0.25, 1.0, 0.1111, 0.1667, 0.1111, 1.0, 0.0, 0.0, 1.0, 1.0, 1.0, 1.0, 0.0, 0.0, 1.0, 1.0, 1.0, 0.25, 0.0, 0.0, 0.0, 1.0, 0.0, 0.0, 0.0, 0.25, 0.0, 0.1429, 1.0, 0.5, 1.0, 0.0, 0.0, 0.5, 1.0, 1.0, 0.0, 1.0, 0.0, 1.0, 0.5, 0.5, 0.3333, 0.3333, 1.0, 0.2, 0.0, 0.0, 0.3333, 0.0, 0.0, 1.0, 0.0, 0.0, 0.0, 0.0, 0.3333, 0.0, 0.0, 1.0, 0.0, 0.0, 0.1667, 0.0, 0.2, 0.25, 1.0, 1.0, 0.0, 0.0, 0.0, 1.0, 0.0, 0.5, 0.0, 1.0, 1.0, 1.0, 0.0, 0.0, 1.0, 0.1667, 0.0, 0.0, 0.0, 0.5, 0.1111, 0.3333, 1.0, 1.0, 0.0, 0.0, 0.2, 1.0, 0.0, 1.0, 1.0, 1.0, 0.5, 1.0, 1.0, 0.0, 0.5, 1.0, 0.0, 1.0, 0.0, 0.0, 1.0, 0.5, 0.5, 0.1111, 0.0, 0.125, 0.0, 1.0, 0.0, 1.0, 1.0, 1.0, 1.0, 0.0, 1.0, 0.3333, 1.0, 0.5, 0.25, 1.0, 0.0, 0.0, 1.0, 0.0, 0.25, 0.1429, 0.1667, 0.0, 1.0, 0.0, 0.0, 0.5, 1.0, 0.3333, 0.2, 0.2, 1.0, 0.3333, 1.0, 1.0, 0.5, 0.1429, 1.0, 1.0, 0.0, 0.2, 0.2, 0.5, 0.0, 0.0, 0.5, 0.0, 0.0, 0.0, 1.0, 0.0, 0.0, 0.3333, 0.1667, 0.25, 0.0, 1.0, 0.0, 0.0, 0.0, 1.0, 1.0, 1.0, 1.0, 1.0, 0.25, 0.0, 0.5, 0.0, 0.0, 1.0, 0.5, 0.0, 0.3333, 0.0, 0.25, 0.3333, 0.1429, 0.1111, 1.0, 1.0, 0.0, 1.0, 0.0, 0.0, 0.2, 0.0, 1.0, 0.1667, 0.0, 1.0, 0.0, 1.0, 0.125, 1.0, 0.0, 0.1111, 0.0, 0.0, 0.0, 1.0, 0.0, 1.0, 0.0, 1.0, 0.5, 0.0, 1.0, 0.0, 0.0, 0.0, 1.0, 0.25, 1.0, 1.0, 1.0, 1.0, 1.0, 0.0, 1.0, 1.0, 1.0, 0.1111, 0.0, 0.25, 1.0, 0.0, 1.0, 0.125, 0.1111, 1.0, 0.0, 1.0, 1.0, 0.0, 0.5, 0.0, 0.25, 0.0, 0.5, 1.0, 1.0, 0.0, 0.5, 1.0, 1.0, 0.1111, 1.0, 1.0, 1.0, 0.0, 0.1, 1.0, 0.0, 0.0, 0.5, 0.1, 1.0, 1.0, 1.0, 0.5, 1.0, 0.0, 1.0, 1.0, 1.0, 0.3333, 1.0, 0.5, 1.0, 0.0, 0.0, 0.1667, 0.25, 1.0, 0.1667, 0.25, 0.0, 0.0, 1.0, 0.0, 0.0, 0.25, 0.0, 0.5, 0.0, 0.0, 0.0, 1.0, 0.5, 0.0, 1.0, 0.1111, 1.0, 0.0, 0.5, 0.2, 0.0, 1.0, 1.0, 1.0, 1.0, 1.0, 1.0, 0.2, 0.0, 1.0, 1.0, 1.0, 1.0, 0.1667, 1.0, 0.0, 0.5, 1.0, 1.0, 0.0, 0.1111, 1.0, 0.125, 0.0, 0.0, 0.0, 0.0, 0.3333, 1.0, 0.5, 1.0, 1.0, 1.0, 1.0, 0.0, 0.5, 1.0, 0.5, 0.0, 0.0, 1.0, 0.0, 0.5, 0.0, 1.0, 0.0, 0.5, 0.0, 0.0, 0.0, 0.0, 0.3333, 0.0, 0.0, 1.0, 0.5, 0.25, 1.0, 0.0, 1.0, 0.0, 1.0, 1.0, 0.0, 1.0, 0.0, 0.5, 1.0, 1.0, 0.0, 0.3333, 0.0, 0.0, 0.0, 0.25, 0.5, 0.0, 0.0, 0.0, 1.0, 0.3333, 1.0, 1.0, 1.0, 1.0, 0.3333, 0.25, 0.0, 0.3333, 0.0, 0.0, 1.0, 0.0, 1.0, 0.5, 1.0, 0.0, 1.0, 0.0, 0.0, 0.1111, 1.0, 0.0, 0.2, 1.0, 0.1111, 1.0, 0.0, 0.1429, 0.25, 0.1429, 1.0, 1.0, 0.0, 0.5, 1.0, 1.0, 0.2, 1.0, 0.5, 1.0, 0.0, 0.5, 0.25, 1.0, 0.0, 0.0, 0.0, 0.125, 0.5, 1.0, 0.0, 0.0, 1.0, 1.0, 1.0, 1.0, 0.0, 0.5, 0.0, 0.5, 0.0, 0.125, 0.1111, 0.3333, 1.0, 0.0, 0.1429, 0.25, 0.1429, 0.0, 0.1, 0.25, 0.0, 1.0, 1.0, 0.0, 0.25, 1.0, 0.0, 0.0, 0.0, 1.0, 0.3333, 0.1111, 0.2, 0.3333, 0.0, 0.5, 1.0, 0.25, 0.5, 1.0, 1.0, 0.5, 1.0, 0.1, 0.0, 0.0, 0.1667, 0.0, 1.0, 0.1, 1.0, 0.0, 1.0, 0.25, 1.0, 1.0, 0.0, 0.3333, 0.0, 0.0, 1.0, 0.3333, 1.0, 0.5, 0.5, 0.0, 0.0, 1.0, 0.0, 0.0, 0.25, 0.1, 0.5, 1.0, 0.0, 0.0, 0.0, 0.5, 0.5, 0.1111, 0.5, 0.0, 1.0, 0.25, 0.0, 0.0, 0.3333, 0.3333, 1.0, 0.0, 1.0, 0.5, 0.25, 0.0, 0.3333, 0.0, 1.0, 1.0, 1.0, 0.0, 1.0, 0.0, 0.0, 1.0, 1.0, 0.0, 1.0, 0.0, 1.0, 0.2, 0.0, 0.5, 0.0, 0.0, 0.0, 0.0, 1.0, 0.125, 1.0, 0.0, 1.0, 1.0, 0.3333, 0.0, 1.0, 0.0, 0.5, 0.0, 0.0, 0.1667, 0.0, 1.0, 0.5, 0.3333, 1.0, 0.3333, 0.0, 1.0, 0.0, 1.0, 0.0, 1.0, 0.3333, 0.0, 0.5, 0.0, 1.0, 0.0, 0.0, 0.3333, 1.0, 0.0, 0.0, 1.0, 0.0, 1.0, 0.1, 0.5, 0.0, 0.0, 1.0, 0.0, 1.0, 0.0, 0.0, 1.0, 1.0, 0.0, 0.1, 0.0, 0.0, 0.0, 1.0, 0.0, 0.1667, 0.0, 0.1667, 0.1667, 1.0, 1.0, 1.0, 0.25, 1.0, 0.5, 0.25, 0.2, 0.5, 0.0, 1.0, 0.0, 0.3333, 1.0, 0.5, 0.0, 0.3333, 1.0, 1.0, 0.1111, 0.2, 1.0, 1.0, 0.3333, 0.0, 1.0, 0.3333, 0.2, 1.0, 1.0, 1.0, 0.0, 1.0, 1.0, 0.0, 0.25, 0.0, 0.0, 1.0, 0.0, 0.0, 0.5, 0.1429, 1.0, 1.0, 1.0, 0.1667, 1.0, 0.0, 0.0, 0.3333, 0.0, 1.0, 0.3333, 0.0, 0.0, 1.0, 0.0, 0.5, 0.0, 0.0, 0.0, 0.5, 0.0, 0.3333, 1.0, 0.3333, 0.0, 1.0, 1.0, 0.0, 1.0, 0.0, 0.1667, 1.0, 0.5, 0.25, 1.0, 0.3333, 0.0, 0.0, 0.5, 1.0, 0.5, 0.5, 0.2, 0.1667, 0.1429, 1.0, 0.1429, 0.5, 0.0, 0.0, 1.0, 0.0, 0.3333, 0.0, 0.5, 0.0, 1.0, 0.2, 1.0, 0.1429, 0.0, 0.2, 0.0, 1.0, 1.0, 0.0, 0.3333, 1.0, 1.0, 1.0, 0.1667, 1.0, 0.5, 0.5, 0.5, 1.0, 0.0, 0.0, 0.0, 1.0, 0.0, 0.0, 0.0, 1.0, 1.0, 1.0, 1.0, 0.1429, 0.3333, 0.3333, 0.0, 1.0, 0.0, 0.3333, 1.0, 1.0, 1.0, 0.0, 1.0, 0.0, 0.1667, 0.0, 0.0, 0.0, 0.1111, 0.0, 0.0, 1.0, 1.0, 1.0, 0.2, 0.0, 0.0, 0.0, 1.0, 1.0, 0.1667, 1.0, 0.0, 0.0, 1.0, 0.0, 1.0, 0.25, 1.0, 0.0, 0.1667, 0.5, 0.2, 0.0, 0.0, 0.1, 0.2, 1.0, 1.0, 0.0, 1.0, 0.0, 0.0, 0.0, 0.2, 0.5, 0.0, 0.3333, 0.0, 1.0, 0.5, 1.0, 0.2, 0.2, 0.0, 0.0, 0.5, 0.0, 0.0, 1.0, 1.0, 0.5, 1.0, 0.1667, 1.0, 0.5, 1.0, 0.3333, 0.0, 0.0, 0.3333]"
