configuration,test_queries,mrr,p@10,ndcg@10,hospitals_contacted,hospitals_processing_question,query_text_to_hospitals,topic_inference,topic_majority_floor,hospital_cpu_ms_total,slowest_hospital_ms,device_ms,bytes_up,bytes_down,modelled_latency_ms,modelled_latency_p95_ms,records_to_device,no_hospital_selected,offline_bytes_total
centralized,593,0.4446077250461735,0.1118043844856661,0.4085818647022215,0.0,0.0,0.0,nan,0.16498316498316498,0.0,0.0,0.0,0.0,0.0,0.0,0.0,0.0,0.0,0.0
centralized_hybrid,593,0.5652178859177173,0.13204047217537945,0.5172963501521343,0.0,0.0,0.0,nan,0.16498316498316498,0.0,0.0,0.0,0.0,0.0,0.0,0.0,0.0,0.0,0.0
flower_fedrag,593,0.2772022805749619,0.06037099494097807,0.22320425756543866,8.0,8.0,1.0,0.16498316498316498,0.16498316498316498,49.256625080805925,6.198964912347814,0.03982841981714081,22071.676222596965,233002.00505902193,49.410122330335454,53.44111839975518,79.74030354131534,0.0,0.0
flower_fedrag_bge,593,0.38803099654701684,0.0897133220910624,0.33385844908349344,8.0,8.0,1.0,0.16498316498316498,0.16498316498316498,272.9328491356665,34.15775020244196,0.03796507074048273,22071.676222596965,234883.45699831366,77.4131136982598,82.91309200163903,79.01686340640809,0.0,0.0
hyfedrag_style,593,0.4446077250461735,0.1118043844856661,0.4085818647022215,8.0,8.0,1.0,0.16498316498316498,0.16498316498316498,273.3801233325798,34.229187731932,0.006049876917007538,22071.676222596965,246827.73693086003,77.46628559364345,83.04656860066312,80.0,0.0,0.0
hyfedrag_style_hybrid,593,0.5538598463556306,0.12833052276559864,0.5047976032434229,8.0,8.0,1.0,0.16498316498316498,0.16498316498316498,376.5232502771477,56.7148593001508,8.167352443448813,22071.676222596965,284787.99662731873,107.96481483804557,131.76119860012625,80.0,0.0,0.0
ragroute,593,0.42364289729382476,0.10404721753794267,0.38154543276633,5.475548060708263,5.475548060708263,1.0,0.24579124579124578,0.16498316498316498,0.4962427331813243,0.13104687345431706,34.379185276592814,108427.61214165261,846413.755480607,89.60418650927076,95.72685139674093,273.77740303541316,0.0,0.0
ragroute_hybrid,593,0.5203431569367488,0.11854974704890389,0.46616398380625845,5.475548060708263,5.475548060708263,1.0,0.24579124579124578,0.16498316498316498,0.4835712109725965,0.12610384662625612,57.08571866091825,108427.61214165261,846413.755480607,112.30825869128705,128.40157399831665,273.77740303541316,0.0,0.0
ours_blind_P8,593,0.4031451591316684,0.09494097807757167,0.34955768177815694,8.0,0.0,0.0,0.16498316498316498,0.16498316498316498,71.32175989538298,9.217797681247747,62.792073718390334,4608.0,4608.0,112.10203139963808,120.14245160121922,134.2344013490725,0.0,15519360.0
ours_blind_P8_hybrid,593,0.46875585534944725,0.10472175379426645,0.40678037340532863,8.0,0.0,0.0,0.16498316498316498,0.16498316498316498,71.10424791578791,9.16625982464958,73.7309546559952,4608.0,4608.0,122.98937448064478,137.20860100025297,134.2344013490725,0.0,15519360.0
ours_blind_P24_hybrid,593,0.5395607484140367,0.12411467116357504,0.4883272238871536,8.0,0.0,0.0,0.16498316498316498,0.16498316498316498,212.041001141654,28.03361697972036,150.16083581999516,12800.0,12800.0,218.45045279971555,248.9155671957184,379.7470489038786,0.0,15519360.0
