configuration,queries,mrr,p@10,ndcg@10,mrr_second_half,contacts,query_text_to_hospitals,topic_inference,topic_majority_floor,passages_disclosed_per_query,bytes_sent_per_query,bytes_received_per_query,compute_ms_per_query,compute_ms_p95,device_ms_per_query,slowest_hospital_ms_per_query,offline_table_bytes_total,docs_altered
centralized,986,0.4433276184036833,0.10912778904665316,0.4087204584498894,0.42451060884123765,0.0,0.0,nan,0.14198782961460446,0.0,0.0,0.0,0.7772370749630193,1.0240832343697548,nan,nan,0.0,
hyfedrag_style,986,0.4435207991242474,0.10912778904665316,0.4088241006393359,0.4248969702823658,8.0,1.0,0.14198782961460446,0.14198782961460446,80.0,21972.33265720081,190090.0,1.8104929775689138,2.2682185226585716,nan,nan,0.0,
cosine_router,986,0.3344984545542355,0.07058823529411765,0.2800064937624552,0.31336810586303493,4.0,1.0,0.1643002028397566,0.14198782961460446,40.0,10986.166328600406,94497.76876267749,0.7880234984708402,0.8730002300580963,nan,nan,0.0,
ours_psi_cells,986,0.3064373450529637,0.059026369168357004,0.23820998173277583,0.2918316751988151,4.0,0.0,0.1359026369168357,0.14198782961460446,127.03752535496957,768.0,99075586.13387424,255.24595095225823,342.2083854820812,nan,nan,0.0,
ours_blind_P8,986,0.37342879680607877,0.08387423935091277,0.31914867602436736,0.3644008177983837,8.0,0.0,0.14198782961460446,0.14198782961460446,128.02231237322516,4608.0,4608.0,98.69044072377972,107.37016625353135,28.14369131975078,9.330125473348545,15957760.0,
ours_blind_P24,986,0.43104253195531084,0.10243407707910752,0.3885299087963797,0.4122178756560095,8.0,0.0,0.14198782961460446,0.14198782961460446,372.2586206896552,12800.0,12800.0,290.3783523344669,309.11235423991457,82.5214037638272,26.877212017948377,15957760.0,
centralized_hybrid,986,0.5545449789111047,0.12799188640973633,0.5144684557176161,0.5497641585369779,0.0,0.0,nan,0.14198782961460446,0.0,0.0,0.0,140.8624681622299,268.3340727526229,nan,nan,0.0,
hyfedrag_style_hybrid,986,0.5353379857690203,0.12352941176470589,0.4933484740762711,0.5236485398757204,8.0,1.0,0.14198782961460446,0.14198782961460446,80.0,21972.33265720081,190090.0,105.73100391893438,187.73213571694214,nan,nan,0.0,
ours_psi_cells_hybrid,986,0.35605098361183546,0.0629817444219067,0.27259100762387045,0.34980762419910494,4.0,0.0,0.1359026369168357,0.14198782961460446,127.03752535496957,768.0,99075586.13387424,274.47194286496244,371.9565212522866,nan,nan,0.0,
ours_blind_P8_hybrid,986,0.4321537235583889,0.0900608519269777,0.36711227717068534,0.4299880871888986,8.0,0.0,0.14198782961460446,0.14198782961460446,128.02231237322516,4608.0,4608.0,107.79221128108232,115.53037499834318,37.743335187153676,8.892290047643815,15957760.0,
ours_blind_P16_hybrid,986,0.4990864161756656,0.10963488843813388,0.4441468072265992,0.4952839756592292,8.0,0.0,0.14198782961460446,0.14198782961460446,251.56693711967546,8704.0,8704.0,221.60306693762908,236.57059321703855,79.11343336729692,18.291202193335298,15957760.0,
ours_blind_P24_hybrid,986,0.5186572330081458,0.11643002028397567,0.4705108448804879,0.5160589523165587,8.0,0.0,0.14198782961460446,0.14198782961460446,372.2586206896552,12800.0,12800.0,325.7798706046159,348.3754792250693,113.97795162311732,27.04631826112096,15957760.0,
deid: rules + full-name NER (ours),,,,,,,,,,,,,,,,,,0.1168
