configuration,queries,mrr,p@10,ndcg@10,contacts,query_text_to_hospitals,topic_inference,topic_majority_floor,passages_disclosed_per_query,bytes_sent_per_query,bytes_received_per_query,compute_ms_per_query,compute_ms_p95,docs_altered
centralized,986,0.4433276184036833,0.10912778904665316,0.4087204584498894,0.0,0.0,nan,0.23935091277890466,0.0,0.0,0.0,0.5822592910448123,0.6636355392402038,
hyfedrag_style,986,0.4435207991242474,0.10912778904665316,0.4088241006393359,8.0,1.0,0.23935091277890466,0.23935091277890466,80.0,21972.33265720081,236760.0,1.6181463006488095,1.7423227400286123,
cosine_router,986,0.4435103351685501,0.10841784989858014,0.4081150593187881,4.0,1.0,0.3184584178498986,0.23935091277890466,40.0,10986.166328600406,125035.33468559838,0.8661815858612302,1.0143017570953816,
cosine_router_fine,986,0.4422655269004153,0.10872210953346857,0.40691542019644866,4.0,1.0,0.3448275862068966,0.23935091277890466,40.0,10986.166328600406,127446.37931034483,0.8873814815167965,1.0324577160645276,
ours_psi_top4,986,0.38160517080395373,0.09137931034482759,0.342093869185729,4.0,0.0,0.3184584178498986,0.23935091277890466,143.44624746450305,768.0,104753065.23935091,271.4822608582618,349.76320873829536,
ours_psi_cells,986,0.3498225152129817,0.08275862068965519,0.3047436935221207,4.0,0.0,0.2535496957403651,0.23935091277890466,142.77991886409737,768.0,103351536.11764705,267.94226674689355,356.53628123691306,
ours_psi_cells_fine,986,0.3605194951543836,0.08549695740365112,0.31767114643212724,4.0,0.0,0.30425963488843816,0.23935091277890466,141.8864097363083,768.0,103466742.8235294,269.40300587665536,359.29195846256334,
ours_psi_cells_fine_np3,986,0.3852945201068933,0.09188640973630832,0.34460782645225957,4.0,0.0,0.30425963488843816,0.23935091277890466,209.36612576064908,1024.0,103466998.8235294,402.5414035161206,525.5274479859509,
ours_psi_cells_fine_np4,986,0.3939192343604109,0.09310344827586207,0.3507652286761513,4.0,0.0,0.30425963488843816,0.23935091277890466,275.88539553752537,1280.0,103467254.8235294,538.978829574391,687.9766147612827,
ours_psi_cells2x2_fine_np3,986,0.4002406709810361,0.0955375253549696,0.36033879529149676,3.6490872210953347,0.0,0.3184584178498986,0.23935091277890466,192.33265720081135,934.1663286004057,93472968.26369168,369.4833774040156,502.08655196183827,
ours_psi_broadcast_np2,986,0.38368991274670783,0.09219066937119676,0.3437115737381461,8.0,0.0,0.23935091277890466,0.23935091277890466,285.04868154158214,1536.0,198177776.0,533.5857845704935,622.6883127819747,
ours_psi_broadcast_np3,986,0.4087382079268489,0.09929006085192699,0.3725880196953182,8.0,0.0,0.23935091277890466,0.23935091277890466,425.97971602434075,2048.0,198178288.0,789.4126115505311,898.0652915051905,
deid: rules + full-name NER (ours),,,,,,,,,,,,,,0.1168
