configuration,granularity,probes,queries,mrr,records_unlocked,records_unlocked_p95,used_top10,used_prompt,release_ratio_vs_prompt,excess_vs_top10,release_precision,relevant_unlocked,centroids_published,cluster_size_min,cluster_size_median,centroids_within_0.95_of_a_patient,centroids_within_0.97_of_a_patient,centroids_within_0.99_of_a_patient,table_mb
hyfedrag_style_hybrid,-,-,986,0.5428197140925335,80.0,80.0,10.0,2.0,40.0,70.0,0.018547160243407714,1.4837728194726165,,,,,,,
blind_g10-5_P4_hybrid,10:5,4,986,0.4578511864515921,73.3367139959432,113.0,10.0,2.0,36.6683569979716,63.3367139959432,0.019401119935355957,1.3012170385395538,365,5,11.0,0.03561643835616438,0.0,0.0,11.4258
blind_g10-5_P8_hybrid,10:5,8,986,0.4997045944814707,140.24847870182555,197.0,10.0,2.0,70.12423935091277,130.24847870182555,0.012062341268474422,1.5933062880324544,365,5,11.0,0.03561643835616438,0.0,0.0,11.4258
blind_g10-5_P16_hybrid,10:5,16,986,0.5247593290189639,268.14401622718054,352.0,10.0,2.0,134.07200811359027,258.14401622718054,0.0070455006963155336,1.8144016227180528,365,5,11.0,0.03561643835616438,0.0,0.0,11.4258
blind_g10-5_P24_hybrid,10:5,24,986,0.5356812840078561,392.1683569979716,497.0,10.0,2.0,196.0841784989858,382.1683569979716,0.005056216143776421,1.9239350912778905,365,5,11.0,0.03561643835616438,0.0,0.0,11.4258
blind_g5-5_P4_hybrid,5:5,4,986,0.46338903377442925,58.7789046653144,92.0,10.0,2.0,29.3894523326572,48.7789046653144,0.02447749520451677,1.281947261663286,458,5,9.0,0.07205240174672489,0.002183406113537118,0.0,12.21492
blind_g5-5_P8_hybrid,5:5,8,986,0.49422389645513376,112.67342799188641,158.0,10.0,2.0,56.33671399594321,102.67342799188641,0.014552196682502764,1.5405679513184585,458,5,9.0,0.07205240174672489,0.002183406113537118,0.0,12.21492
blind_g5-5_P16_hybrid,5:5,16,986,0.5274187836053962,217.9340770791075,284.75,10.0,2.0,108.96703853955376,207.9340770791075,0.008469278586202663,1.779918864097363,458,5,9.0,0.07205240174672489,0.002183406113537118,0.0,12.21492
blind_g5-5_P24_hybrid,5:5,24,986,0.5330282687787758,320.80223123732253,406.75,10.0,2.0,160.40111561866127,310.80223123732253,0.006091145829808296,1.8935091277890466,458,5,9.0,0.07205240174672489,0.002183406113537118,0.0,12.21492
blind_g5-3_P4_hybrid,5:3,4,986,0.46604526868218554,44.21095334685598,68.0,10.0,2.0,22.10547667342799,34.21095334685598,0.031128809376781506,1.2221095334685599,674,3,6.0,0.17210682492581603,0.011869436201780416,0.0,14.66448
blind_g5-3_P8_hybrid,5:3,8,986,0.49153707459995494,84.48275862068965,119.0,10.0,2.0,42.241379310344826,74.48275862068965,0.01846078505986213,1.4655172413793103,674,3,6.0,0.17210682492581603,0.011869436201780416,0.0,14.66448
blind_g5-3_P16_hybrid,5:3,16,986,0.5208502366463826,162.07403651115618,211.75,10.0,2.0,81.03701825557809,152.07403651115618,0.011016602750297071,1.7139959432048681,674,3,6.0,0.17210682492581603,0.011869436201780416,0.0,14.66448
blind_g5-3_P24_hybrid,5:3,24,986,0.5334935123474676,236.83772819472617,299.0,10.0,2.0,118.41886409736308,226.83772819472617,0.008015072428220716,1.828600405679513,674,3,6.0,0.17210682492581603,0.011869436201780416,0.0,14.66448
blind_g3-2_P4_hybrid,3:2,4,986,0.4385351266943559,29.72210953346856,46.0,10.0,2.0,14.86105476673428,19.72210953346856,0.04116402155407446,1.0801217038539555,1136,2,3.0,0.49383802816901406,0.03697183098591549,0.0,20.40204
blind_g3-2_P8_hybrid,3:2,8,986,0.48976745870762095,56.828600405679516,78.0,10.0,2.0,28.414300202839758,46.828600405679516,0.02547237418728794,1.3539553752535496,1136,2,3.0,0.49383802816901406,0.03697183098591549,0.0,20.40204
blind_g3-2_P16_hybrid,3:2,16,986,0.5150471682926043,108.39553752535497,139.75,10.0,2.0,54.197768762677484,98.39553752535497,0.015375973548334957,1.6024340770791075,1136,2,3.0,0.49383802816901406,0.03697183098591549,0.0,20.40204
blind_g3-2_P24_hybrid,3:2,24,986,0.524756914259957,158.68255578093306,198.0,10.0,2.0,79.34127789046653,148.68255578093306,0.011212532966403182,1.7251521298174441,1136,2,3.0,0.49383802816901406,0.03697183098591549,0.0,20.40204
