policy,session_length,topic_inference,source_attack,topic_majority_floor,source_chance,sessions_tested
cosine_top4,1,0.3140495867768595,0.22830578512396693,0.23760330578512398,0.125,484
cosine_top4,2,0.38636363636363635,0.30776515151515155,0.23760330578512398,0.125,484
cosine_top4,3,0.45867768595041325,0.3640151515151515,0.23760330578512398,0.125,484
cosine_top4,4,0.4896694214876033,0.43319559228650134,0.23760330578512398,0.125,484
cosine_top4,5,0.5433884297520661,0.4765840220385674,0.23760330578512398,0.125,484
topic_stable_decoys,1,0.4690082644628099,0.18956611570247933,0.23760330578512398,0.125,484
topic_stable_decoys,2,0.49793388429752067,0.2105716253443526,0.23760330578512398,0.125,484
topic_stable_decoys,3,0.5351239669421488,0.23119834710743803,0.23760330578512398,0.125,484
topic_stable_decoys,4,0.5599173553719008,0.2434573002754821,0.23760330578512398,0.125,484
topic_stable_decoys,5,0.5702479338842975,0.2518595041322314,0.23760330578512398,0.125,484
random_decoys,1,0.25826446280991733,0.18853305785123967,0.23760330578512398,0.125,484
random_decoys,2,0.3677685950413223,0.2964876033057851,0.23760330578512398,0.125,484
random_decoys,3,0.4380165289256198,0.38767217630853995,0.23760330578512398,0.125,484
random_decoys,4,0.4834710743801653,0.452995867768595,0.23760330578512398,0.125,484
random_decoys,5,0.5041322314049587,0.49207988980716255,0.23760330578512398,0.125,484
cells,1,0.256198347107438,0.1828512396694215,0.23760330578512398,0.125,484
cells,2,0.25,0.18259297520661158,0.23760330578512398,0.125,484
cells,3,0.25,0.18853305785123967,0.23760330578512398,0.125,484
cells,4,0.25206611570247933,0.19550619834710745,0.23760330578512398,0.125,484
cells,5,0.2830578512396694,0.20041322314049587,0.23760330578512398,0.125,484
blind_unlock,1,0.23760330578512398,0.125,0.23760330578512398,0.125,484
blind_unlock,2,0.23760330578512398,0.125,0.23760330578512398,0.125,484
blind_unlock,3,0.23760330578512398,0.125,0.23760330578512398,0.125,484
blind_unlock,4,0.23760330578512398,0.125,0.23760330578512398,0.125,484
blind_unlock,5,0.23760330578512398,0.125,0.23760330578512398,0.125,484
